timestamp,price,regime,regime_confidence,strategy,strategy_confidence,signal,causal_sentiment,position,portfolio_value
2025-09-02 08:00:00,109733.34,Desconocido,0.0,mean_reversion,0.5554172,-1.0,0.2,short,500.0
2025-09-02 12:00:00,110829.17,Desconocido,0.0,mean_reversion,0.69666934,0.0,0.2,short,498.79442667
2025-09-02 16:00:00,110806.0,Desconocido,0.0,momentum,0.6423943,-1.0,0.2,short,498.81759667
2025-09-02 20:00:00,111240.01,Desconocido,0.0,momentum,0.7125994,-1.0,0.2,short,498.38358667
2025-09-03 00:00:00,111054.01,Alta Volatilidad/Pánico,0.0,momentum,0.57290626,-1.0,0.2,short,498.56958667
2025-09-03 04:00:00,111099.88,Tendencia Alcista,0.0,momentum,0.737517,1.0,0.0,short,498.52371667
2025-09-03 08:00:00,111437.77,Tendencia Alcista,0.0,mean_reversion,0.66650546,0.0,0.0,short,498.18582667
2025-09-03 12:00:00,112222.74,Tendencia Bajista,0.0,momentum,0.5326031,1.0,0.0,short,497.40085667
2025-09-03 16:00:00,112193.74,Lateral/Consolidación,0.0,momentum,0.3771859,1.0,0.0,short,497.42985667
2025-09-03 20:00:00,111705.71,Alta Volatilidad/Pánico,0.0,mean_reversion,0.5482409,0.0,0.0,short,497.91788667
2025-09-04 00:00:00,111148.97,Alta Volatilidad/Pánico,0.0,mean_reversion,0.7388791,0.0,0.0,short,498.47462666999996
2025-09-04 04:00:00,110463.36,Lateral/Consolidación,0.0,mean_reversion,0.5458745,0.0,0.0,short,499.16023666999996
2025-09-04 08:00:00,110810.0,Alta Volatilidad/Pánico,0.0,mean_reversion,0.59652185,0.0,0.0,short,498.81359667
2025-09-04 12:00:00,109510.31,Alta Volatilidad/Pánico,0.0,mean_reversion,0.6099816,0.0,0.0,short,500.11328667
2025-09-04 16:00:00,109799.99,Alta Volatilidad/Pánico,0.0,mean_reversion,0.5034527,0.0,0.0,short,499.82360667
2025-09-04 20:00:00,110730.87,Alta Volatilidad/Pánico,0.0,momentum,0.8275189,1.0,0.2,short,498.89272667
2025-09-05 00:00:00,111311.77,Lateral/Consolidación,0.0,mean_reversion,0.5624785,0.0,0.2,short,498.31182666999996
2025-09-05 04:00:00,112954.32,Alta Volatilidad/Pánico,0.0,momentum,0.6811054,1.0,0.2,short,496.66927667
2025-09-05 08:00:00,112354.0,Lateral/Consolidación,0.0,mean_reversion,0.7217745,-1.0,0.2,short,497.26959667
2025-09-05 12:00:00,110716.82,Alta Volatilidad/Pánico,0.0,momentum,0.8461544,1.0,0.2,short,498.90677667
2025-09-05 16:00:00,111614.54,Alta Volatilidad/Pánico,0.0,momentum,0.6364851,1.0,0.2,short,498.00905667
2025-09-05 20:00:00,110659.99,Alta Volatilidad/Pánico,0.0,momentum,0.69020706,1.0,0.2,short,498.96360667
2025-09-06 00:00:00,111082.22,Alta Volatilidad/Pánico,0.0,mean_reversion,0.6362008,0.0,0.0,short,498.54137667
2025-09-06 04:00:00,110825.6,Alta Volatilidad/Pánico,0.0,momentum,0.6819227,1.0,0.0,short,498.79799667
2025-09-06 08:00:00,110781.02,Lateral/Consolidación,0.0,mean_reversion,0.56242645,0.0,0.0,short,498.84257666999997
2025-09-06 12:00:00,110384.15,Lateral/Consolidación,0.0,mean_reversion,0.547664,0.0,0.0,short,499.23944667
2025-09-06 16:00:00,110038.41,Tendencia Alcista,0.0,mean_reversion,0.60092974,0.0,0.0,short,499.58518667
2025-09-06 20:00:00,110187.97,Tendencia Alcista,0.0,momentum,0.6132727,1.0,0.0,short,499.43562667
2025-09-07 00:00:00,110629.15,Tendencia Alcista,0.0,mean_reversion,0.64297575,0.0,0.0,short,498.99444667
2025-09-07 04:00:00,110753.42,Lateral/Consolidación,0.0,momentum,0.69947714,1.0,0.0,short,498.87017667
2025-09-07 08:00:00,111292.13,Lateral/Consolidación,0.0,mean_reversion,0.55945563,0.0,0.0,short,498.33146667
2025-09-07 12:00:00,111329.99,Tendencia Alcista,0.0,mean_reversion,0.5132978,0.0,0.0,short,498.29360667
2025-09-07 16:00:00,111259.99,Tendencia Bajista,0.0,momentum,0.640574,1.0,0.0,short,498.36360666999997
2025-09-07 20:00:00,111137.34,Lateral/Consolidación,0.0,momentum,0.627706,1.0,0.0,short,498.48625667
2025-09-08 00:00:00,111052.11,Lateral/Consolidación,0.0,momentum,0.73208904,1.0,0.0,short,498.57148667
2025-09-08 04:00:00,111280.39,Tendencia Bajista,0.0,momentum,0.5096729,1.0,0.0,short,498.34320667
2025-09-08 08:00:00,112052.43,Tendencia Bajista,0.0,mean_reversion,0.74454504,0.0,0.0,short,497.57116666999997
2025-09-08 12:00:00,112631.75,Tendencia Alcista,0.0,mean_reversion,0.5524026,0.0,0.0,short,496.99184667
2025-09-08 16:00:00,112097.31,Tendencia Bajista,0.0,momentum,0.5983649,1.0,0.2,short,497.52628667
2025-09-08 20:00:00,112065.23,Tendencia Bajista,0.0,momentum,0.59851235,1.0,0.2,short,497.55836667
2025-09-09 00:00:00,111708.0,Tendencia Bajista,0.0,mean_reversion,0.54663134,0.0,0.2,short,497.91559667
2025-09-09 04:00:00,112991.11,Tendencia Bajista,0.0,mean_reversion,0.81219167,0.0,0.2,short,496.63248667
2025-09-09 08:00:00,112433.59,Tendencia Bajista,0.0,mean_reversion,0.7227177,-1.0,0.0,short,497.19000667
2025-09-09 12:00:00,110880.76,Tendencia Bajista,0.0,mean_reversion,0.672278,0.0,0.0,short,498.74283667
2025-09-09 16:00:00,111301.53,Tendencia Bajista,0.0,momentum,0.61297107,1.0,0.0,short,498.32206666999997
2025-09-09 20:00:00,111546.39,Alta Volatilidad/Pánico,0.0,mean_reversion,0.53015196,0.0,0.0,short,498.07720667
2025-09-10 00:00:00,111545.88,Lateral/Consolidación,0.0,mean_reversion,0.56919694,0.0,0.0,short,498.07771667
2025-09-10 04:00:00,112553.65,Tendencia Alcista,0.0,momentum,0.558614,1.0,0.0,short,497.06994667
2025-09-10 08:00:00,112299.99,Tendencia Alcista,0.0,mean_reversion,0.61183465,0.0,0.2,short,497.32360667
2025-09-10 12:00:00,113853.99,Alta Volatilidad/Pánico,0.0,momentum,0.6119269,1.0,0.2,short,495.76960667
2025-09-10 16:00:00,113574.52,Tendencia Bajista,0.0,momentum,0.6540859,1.0,0.0,short,496.04907667
2025-09-10 20:00:00,113960.0,Alta Volatilidad/Pánico,0.0,momentum,0.83830804,1.0,0.0,short,495.66359666999995
2025-09-11 00:00:00,114400.01,Tendencia Bajista,0.0,momentum,0.69012266,1.0,0.0,short,495.22358667
2025-09-11 04:00:00,114083.58,Tendencia Alcista,0.0,momentum,0.5309555,1.0,0.0,short,495.54001667
2025-09-11 08:00:00,113999.99,Lateral/Consolidación,0.0,momentum,0.7472498,1.0,0.0,short,495.62360666999996
2025-09-11 12:00:00,114180.31,Tendencia Alcista,0.0,momentum,0.71574,1.0,0.0,short,495.44328666999996
2025-09-11 16:00:00,114419.99,Alta Volatilidad/Pánico,0.0,momentum,0.76656616,1.0,0.0,short,495.20360667
2025-09-11 20:00:00,115482.69,Alta Volatilidad/Pánico,0.0,momentum,0.5932552,1.0,0.0,short,494.14090667
2025-09-12 00:00:00,115194.14,Tendencia Alcista,0.0,mean_reversion,0.57042456,0.0,-0.3,,494.02542397999997
2025-09-12 04:00:00,115086.7,Tendencia Bajista,0.0,mean_reversion,0.5504782,0.0,-0.3,,494.02542397999997
2025-09-12 08:00:00,114913.45,Alta Volatilidad/Pánico,0.0,mean_reversion,0.66315407,0.0,-0.3,,494.02542397999997
2025-09-12 12:00:00,115121.18,Tendencia Alcista,0.0,momentum,0.61582136,1.0,-0.3,long,494.02542397999997
2025-09-12 16:00:00,116632.51,Lateral/Consolidación,0.0,momentum,0.7893778,1.0,-0.3,long,495.4216328
2025-09-12 20:00:00,116029.42,Tendencia Alcista,0.0,momentum,0.6099089,1.0,-0.3,long,494.8185428
2025-09-13 00:00:00,115957.0,Lateral/Consolidación,0.0,momentum,0.54408485,1.0,-0.3,long,494.74612279999997
2025-09-13 04:00:00,115778.71,Alta Volatilidad/Pánico,0.0,momentum,0.66688365,1.0,-0.3,long,494.56783279999996
2025-09-13 08:00:00,115974.11,Tendencia Alcista,0.0,mean_reversion,0.7646409,0.0,-0.3,long,494.76323279999997
2025-09-13 12:00:00,115768.68,Tendencia Alcista,0.0,momentum,0.57515526,1.0,-0.3,long,494.5578028
2025-09-13 16:00:00,115797.12,Tendencia Bajista,0.0,mean_reversion,0.711941,0.0,0.0,long,494.5862428
2025-09-13 20:00:00,115918.29,Tendencia Bajista,0.0,mean_reversion,0.7725174,0.0,0.0,long,494.7074128
2025-09-14 00:00:00,115679.98,Lateral/Consolidación,0.0,mean_reversion,0.5531262,0.0,0.0,long,494.4691028
2025-09-14 04:00:00,115805.39,Tendencia Alcista,0.0,momentum,0.6316019,1.0,0.0,long,494.59451279999996
2025-09-14 08:00:00,115794.91,Lateral/Consolidación,0.0,mean_reversion,0.57111,0.0,0.0,long,494.5840328
2025-09-14 12:00:00,115224.01,Tendencia Bajista,0.0,mean_reversion,0.7115412,0.0,0.0,long,494.0131328
2025-09-14 16:00:00,115634.99,Lateral/Consolidación,0.0,momentum,0.68746924,1.0,0.0,long,494.4241128
2025-09-14 20:00:00,115268.01,Tendencia Bajista,0.0,momentum,0.7585003,1.0,0.0,long,494.0571328
2025-09-15 00:00:00,115445.45,Lateral/Consolidación,0.0,mean_reversion,0.72469527,0.0,0.2,long,494.23457279999997
2025-09-15 04:00:00,115806.62,Tendencia Alcista,0.0,mean_reversion,0.5214831,0.0,0.2,long,494.5957428
2025-09-15 08:00:00,115070.0,Tendencia Alcista,0.0,momentum,0.6706151,1.0,0.2,long,493.85912279999997
2025-09-15 12:00:00,114842.9,Tendencia Bajista,0.0,momentum,0.75927365,1.0,0.2,long,493.63202279999996
2025-09-15 16:00:00,115307.78,Alta Volatilidad/Pánico,0.0,momentum,0.82339877,1.0,0.2,long,494.09690279999995
2025-09-15 20:00:00,115349.71,Tendencia Alcista,0.0,momentum,0.69185525,1.0,0.2,long,494.1388328
2025-09-16 00:00:00,115307.25,Tendencia Alcista,0.0,mean_reversion,0.6100603,0.0,0.2,long,494.0963728
2025-09-16 04:00:00,115840.0,Tendencia Alcista,0.0,momentum,0.6316839,1.0,0.2,long,494.6291228
2025-09-16 08:00:00,115287.83,Tendencia Alcista,0.0,mean_reversion,0.49755907,0.0,0.2,long,494.07695279999996
2025-09-16 12:00:00,115905.88,Tendencia Bajista,0.0,momentum,0.85366106,1.0,0.2,long,494.6950028
2025-09-16 16:00:00,116800.12,Tendencia Alcista,0.0,momentum,0.8545962,1.0,0.2,long,495.58924279999997
2025-09-16 20:00:00,116788.96,Alta Volatilidad/Pánico,0.0,momentum,0.6692218,1.0,0.2,long,495.57808279999995
2025-09-17 00:00:00,116372.04,Lateral/Consolidación,0.0,momentum,0.6733612,1.0,0.2,long,495.16116279999994
2025-09-17 04:00:00,117162.48,Tendencia Bajista,0.0,momentum,0.6517753,1.0,0.2,long,495.9516028
2025-09-17 08:00:00,116258.13,Lateral/Consolidación,0.0,mean_reversion,0.6769342,-1.0,0.2,long,495.04725279999997
2025-09-17 12:00:00,115875.32,Lateral/Consolidación,0.0,mean_reversion,0.59289443,0.0,0.2,long,494.66444279999996
2025-09-17 16:00:00,115652.02,Tendencia Bajista,0.0,momentum,0.7208721,1.0,0.2,long,494.44114279999997
2025-09-17 20:00:00,116447.59,Alta Volatilidad/Pánico,0.0,momentum,0.67377573,1.0,0.2,long,495.23671279999996
2025-09-18 00:00:00,117581.66,Lateral/Consolidación,0.0,mean_reversion,0.5985851,0.0,0.2,long,496.3707828
2025-09-18 04:00:00,117086.01,Lateral/Consolidación,0.0,momentum,0.56108826,1.0,0.2,long,495.87513279999996
2025-09-18 08:00:00,117063.4,Lateral/Consolidación,0.0,mean_reversion,0.6779494,0.0,0.0,long,495.8525228
2025-09-18 12:00:00,117583.56,Lateral/Consolidación,0.0,momentum,0.7022007,1.0,0.0,long,496.3726828
2025-09-18 16:00:00,117450.21,Tendencia Bajista,0.0,momentum,0.66551435,1.0,0.0,long,496.2393328
2025-09-18 20:00:00,117073.53,Tendencia Alcista,0.0,momentum,0.7781815,1.0,0.0,long,495.8626528
2025-09-19 00:00:00,116977.58,Tendencia Alcista,0.0,mean_reversion,0.575684,0.0,0.0,long,495.76670279999996
2025-09-19 04:00:00,116909.97,Alta Volatilidad/Pánico,0.0,momentum,0.53764117,1.0,0.0,long,495.69909279999996
2025-09-19 08:00:00,116394.72,Lateral/Consolidación,0.0,mean_reversion,0.75095236,0.0,0.0,long,495.1838428
2025-09-19 12:00:00,115884.03,Lateral/Consolidación,0.0,mean_reversion,0.53545654,0.0,0.0,long,494.67315279999997
2025-09-19 16:00:00,115125.12,Lateral/Consolidación,0.0,momentum,0.51418775,1.0,0.0,long,493.91424279999995
2025-09-19 20:00:00,115632.38,Alta Volatilidad/Pánico,0.0,momentum,0.5134324,1.0,0.0,long,494.4215028
2025-09-20 00:00:00,115445.0,Tendencia Bajista,0.0,mean_reversion,0.7728497,0.0,0.0,long,494.23412279999997
2025-09-20 04:00:00,115968.56,Alta Volatilidad/Pánico,0.0,mean_reversion,0.5701007,0.0,0.0,long,494.7576828
2025-09-20 08:00:00,115894.06,Lateral/Consolidación,0.0,mean_reversion,0.7972044,0.0,0.0,long,494.68318279999994
2025-09-20 12:00:00,115986.69,Tendencia Bajista,0.0,momentum,0.6208304,1.0,0.0,long,494.7758128
2025-09-20 16:00:00,115702.0,Tendencia Bajista,0.0,mean_reversion,0.5216557,0.0,-0.3,long,494.49112279999997
2025-09-20 20:00:00,115685.63,Tendencia Bajista,0.0,momentum,0.6787022,-1.0,-0.3,long,494.4747528
2025-09-21 00:00:00,115669.41,Lateral/Consolidación,0.0,mean_reversion,0.60150504,0.0,-0.3,long,494.45853279999994
2025-09-21 04:00:00,115815.97,Alta Volatilidad/Pánico,0.0,momentum,0.6801832,-1.0,-0.3,long,494.60509279999997
2025-09-21 08:00:00,115603.45,Alta Volatilidad/Pánico,0.0,momentum,0.5749355,-1.0,-0.3,long,494.3925728
2025-09-21 12:00:00,115531.61,Tendencia Alcista,0.0,momentum,0.7794803,-1.0,-0.3,long,494.3207328
2025-09-21 16:00:00,115480.05,Lateral/Consolidación,0.0,momentum,0.6404647,-1.0,0.0,long,494.2691728
2025-09-21 20:00:00,115232.29,Tendencia Bajista,0.0,momentum,0.5939184,-1.0,0.0,long,494.02141279999995
2025-09-22 00:00:00,114649.89,Tendencia Bajista,0.0,momentum,0.5871926,-1.0,0.0,long,493.4390128
2025-09-22 04:00:00,112519.99,Tendencia Alcista,0.0,momentum,0.6699073,-1.0,0.0,long,491.3091128
2025-09-22 08:00:00,112876.97,Tendencia Bajista,0.0,momentum,0.7476404,-1.0,-0.3,long,491.6660928
2025-09-22 12:00:00,112815.5,Alta Volatilidad/Pánico,0.0,mean_reversion,0.7134233,1.0,-0.3,long,491.60462279999996
2025-09-22 16:00:00,112122.9,Alta Volatilidad/Pánico,0.0,mean_reversion,0.58579886,1.0,-0.3,long,490.9120228
2025-09-22 20:00:00,112650.99,Lateral/Consolidación,0.0,mean_reversion,0.6052201,1.0,-0.3,long,491.44011279999995
2025-09-23 00:00:00,112339.99,Lateral/Consolidación,0.0,momentum,0.60237277,-1.0,-0.3,long,491.1291128
2025-09-23 04:00:00,113090.13,Tendencia Bajista,0.0,mean_reversion,0.63061863,0.0,-0.3,long,491.87925279999996
2025-09-23 08:00:00,112975.99,Tendencia Bajista,0.0,mean_reversion,0.5515833,0.0,-0.3,long,491.7651128
2025-09-23 12:00:00,112882.19,Tendencia Alcista,0.0,momentum,0.7356937,-1.0,-0.3,long,491.6713128
2025-09-23 16:00:00,111655.29,Alta Volatilidad/Pánico,0.0,mean_reversion,0.68827605,0.0,-0.3,long,490.44441279999995
2025-09-23 20:00:00,111998.8,Tendencia Alcista,0.0,mean_reversion,0.74084324,0.0,-0.3,long,490.7879228
2025-09-24 00:00:00,111683.09,Tendencia Bajista,0.0,mean_reversion,0.4986349,0.0,-0.3,long,490.47221279999997
2025-09-24 04:00:00,112583.54,Tendencia Bajista,0.0,momentum,0.51594913,-1.0,-0.3,long,491.37266279999994
2025-09-24 08:00:00,113029.46,Tendencia Alcista,0.0,momentum,0.606445,-1.0,-0.3,long,491.8185828
2025-09-24 12:00:00,113346.41,Tendencia Bajista,0.0,momentum,0.7392104,-1.0,-0.3,long,492.13553279999996
2025-09-24 16:00:00,113420.01,Tendencia Bajista,0.0,momentum,0.6072196,-1.0,-0.3,long,492.20913279999996
2025-09-24 20:00:00,113307.0,Tendencia Alcista,0.0,momentum,0.6436339,-1.0,-0.3,long,492.0961228
2025-09-25 00:00:00,112546.21,Alta Volatilidad/Pánico,0.0,momentum,0.62921613,-1.0,0.0,long,491.33533279999995
2025-09-25 04:00:00,111766.72,Lateral/Consolidación,0.0,momentum,0.50867033,-1.0,0.0,long,490.5558428
2025-09-25 08:00:00,111348.0,Tendencia Bajista,0.0,momentum,0.6104495,-1.0,0.0,long,490.1371228
2025-09-25 12:00:00,111580.77,Tendencia Alcista,0.0,momentum,0.63559955,-1.0,0.0,long,490.3698928
2025-09-25 16:00:00,109360.0,Tendencia Alcista,0.0,momentum,0.56880933,-1.0,0.0,long,488.1491228
2025-09-25 20:00:00,108994.49,Alta Volatilidad/Pánico,0.0,momentum,0.70321375,-1.0,0.0,short,488.0397628
2025-09-26 00:00:00,109580.01,Tendencia Alcista,0.0,mean_reversion,0.50400746,1.0,-0.3,short,487.34524831
2025-09-26 04:00:00,109320.02,Alta Volatilidad/Pánico,0.0,mean_reversion,0.62519866,0.0,-0.3,short,487.60523831
2025-09-26 08:00:00,109133.5,Alta Volatilidad/Pánico,0.0,mean_reversion,0.69180125,0.0,-0.3,short,487.79175831
2025-09-26 12:00:00,109027.78,Tendencia Alcista,0.0,mean_reversion,0.65484697,0.0,-0.3,short,487.89747831
2025-09-26 16:00:00,109172.2,Tendencia Bajista,0.0,mean_reversion,0.83267546,0.0,-0.3,short,487.75305831000003
2025-09-26 20:00:00,109643.46,Alta Volatilidad/Pánico,0.0,mean_reversion,0.71749276,0.0,-0.3,short,487.28179831
2025-09-27 00:00:00,109553.77,Tendencia Alcista,0.0,momentum,0.6390564,-1.0,-0.3,short,487.37148831
2025-09-27 04:00:00,109411.2,Lateral/Consolidación,0.0,momentum,0.5299847,-1.0,-0.3,short,487.51405831
2025-09-27 08:00:00,109310.21,Alta Volatilidad/Pánico,0.0,momentum,0.7462696,-1.0,-0.3,short,487.61504831
2025-09-27 12:00:00,109402.24,Alta Volatilidad/Pánico,0.0,momentum,0.6528185,-1.0,-0.3,short,487.52301831
2025-09-27 16:00:00,109424.2,Lateral/Consolidación,0.0,momentum,0.76578397,-1.0,0.0,short,487.50105831
2025-09-27 20:00:00,109635.85,Tendencia Alcista,0.0,momentum,0.70119846,-1.0,0.0,short,487.28940831
2025-09-28 00:00:00,109436.0,Tendencia Alcista,0.0,momentum,0.72474664,-1.0,0.0,short,487.48925830999997
2025-09-28 04:00:00,109513.06,Tendencia Alcista,0.0,momentum,0.53456455,-1.0,0.0,short,487.41219831
2025-09-28 08:00:00,109369.02,Tendencia Alcista,0.0,momentum,0.50411755,-1.0,0.0,short,487.55623831
2025-09-28 12:00:00,110037.93,Lateral/Consolidación,0.0,momentum,0.606732,-1.0,0.2,short,486.88732831000004
2025-09-28 16:00:00,110337.6,Alta Volatilidad/Pánico,0.0,mean_reversion,0.60609865,0.0,0.2,short,486.58765831
2025-09-28 20:00:00,112163.95,Tendencia Bajista,0.0,momentum,0.5349759,-1.0,0.2,short,484.76130831
2025-09-29 00:00:00,111857.51,Alta Volatilidad/Pánico,0.0,mean_reversion,0.71154356,-1.0,0.2,short,485.06774831
2025-09-29 04:00:00,111865.95,Alta Volatilidad/Pánico,0.0,breakout,0.73080516,0.0,0.2,short,485.05930831
2025-09-29 08:00:00,112100.0,Alta Volatilidad/Pánico,0.0,breakout,0.52676195,0.0,0.0,short,484.82525831
2025-09-29 12:00:00,113815.57,Alta Volatilidad/Pánico,0.0,breakout,0.6729492,0.0,0.0,short,483.10968831
2025-09-29 16:00:00,114265.55,Tendencia Bajista,0.0,momentum,0.63110256,-1.0,0.0,short,482.65970831
2025-09-29 20:00:00,114311.96,Tendencia Bajista,0.0,momentum,0.47861093,-1.0,0.0,short,482.61329831
2025-09-30 00:00:00,114376.39,Alta Volatilidad/Pánico,0.0,mean_reversion,0.6208219,-1.0,0.0,short,482.54886831
2025-09-30 04:00:00,113699.23,Tendencia Bajista,0.0,mean_reversion,0.5124613,0.0,-0.3,short,483.22602831
2025-09-30 08:00:00,113055.01,Tendencia Alcista,0.0,mean_reversion,0.45625257,0.0,-0.3,short,483.87024831
2025-09-30 12:00:00,113106.16,Lateral/Consolidación,0.0,mean_reversion,0.56131506,0.0,-0.3,short,483.81909831
2025-09-30 16:00:00,114359.99,Tendencia Alcista,0.0,mean_reversion,0.6757127,0.0,-0.3,short,482.56526830999996
2025-09-30 20:00:00,114048.93,Alta Volatilidad/Pánico,0.0,momentum,0.7066969,1.0,-0.3,short,482.87632831
2025-10-01 00:00:00,114176.92,Alta Volatilidad/Pánico,0.0,mean_reversion,0.73032767,0.0,-0.3,short,482.74833831
2025-10-01 04:00:00,114539.02,Lateral/Consolidación,0.0,mean_reversion,0.6295916,0.0,0.0,short,482.38623831
2025-10-01 08:00:00,116789.58,Tendencia Alcista,0.0,momentum,0.51263106,1.0,0.0,long,482.27169929
2025-10-01 12:00:00,117423.73,Tendencia Alcista,0.0,momentum,0.5126402,1.0,0.0,long,482.78906972
2025-10-01 16:00:00,117439.53,Tendencia Alcista,0.0,momentum,0.57439774,1.0,-0.3,long,482.80486972
2025-10-01 20:00:00,118594.99,Tendencia Alcista,0.0,momentum,0.65100944,1.0,-0.3,long,483.96032972
2025-10-02 00:00:00,118733.99,Tendencia Alcista,0.0,mean_reversion,0.8462291,-1.0,-0.3,long,484.09932972
2025-10-02 04:00:00,118489.76,Alta Volatilidad/Pánico,0.0,mean_reversion,0.53820264,0.0,-0.3,long,483.85509972
2025-10-02 08:00:00,118765.73,Tendencia Alcista,0.0,mean_reversion,0.77029777,0.0,-0.3,long,484.13106972
2025-10-02 12:00:00,119910.78,Tendencia Bajista,0.0,momentum,0.539592,1.0,-0.3,long,485.27611972
2025-10-02 16:00:00,120836.49,Tendencia Alcista,0.0,mean_reversion,0.5344123,0.0,-0.3,long,486.20182972000003
2025-10-02 20:00:00,120529.35,Lateral/Consolidación,0.0,mean_reversion,0.4564533,0.0,-0.3,long,485.89468972000003
2025-10-03 00:00:00,120225.89,Alta Volatilidad/Pánico,0.0,mean_reversion,0.7411724,0.0,-0.3,long,485.59122972
2025-10-03 04:00:00,119640.21,Alta Volatilidad/Pánico,0.0,momentum,0.54028445,1.0,-0.3,long,485.00554972000003
2025-10-03 08:00:00,120334.5,Tendencia Alcista,0.0,mean_reversion,0.68553114,0.0,-0.3,long,485.69983972
2025-10-03 12:00:00,122258.05,Tendencia Alcista,0.0,momentum,0.5174987,1.0,-0.3,long,487.62338972000003
2025-10-03 16:00:00,122660.99,Tendencia Alcista,0.0,mean_reversion,0.4932982,0.0,-0.3,long,488.02632972000004
2025-10-03 20:00:00,122232.0,Tendencia Alcista,0.0,mean_reversion,0.57531244,0.0,-0.3,long,487.59733972000004
2025-10-04 00:00:00,122243.99,Lateral/Consolidación,0.0,mean_reversion,0.8065378,0.0,-0.3,long,487.60932972
2025-10-04 04:00:00,122324.08,Tendencia Alcista,0.0,mean_reversion,0.6738567,0.0,-0.3,long,487.68941972000005
2025-10-04 08:00:00,121973.26,Alta Volatilidad/Pánico,0.0,mean_reversion,0.7838903,0.0,-0.3,long,487.33859972
2025-10-04 12:00:00,121791.31,Lateral/Consolidación,0.0,momentum,0.82318,1.0,-0.3,long,487.15664972
2025-10-04 16:00:00,121959.25,Tendencia Bajista,0.0,momentum,0.792138,1.0,0.0,long,487.32458972
2025-10-04 20:00:00,122391.0,Alta Volatilidad/Pánico,0.0,momentum,0.5766052,1.0,0.0,long,487.75633972
2025-10-05 00:00:00,123776.22,Tendencia Alcista,0.0,momentum,0.7327421,1.0,0.0,long,489.14155972000003
2025-10-05 04:00:00,124713.63,Alta Volatilidad/Pánico,0.0,mean_reversion,0.5255635,0.0,0.0,long,490.07896972000003
2025-10-05 08:00:00,123464.64,Tendencia Alcista,0.0,mean_reversion,0.8384417,-1.0,0.0,long,488.82997972
2025-10-05 12:00:00,122803.17,Tendencia Alcista,0.0,momentum,0.64171284,1.0,0.0,long,488.16850972
2025-10-05 16:00:00,122591.79,Lateral/Consolidación,0.0,mean_reversion,0.5886633,0.0,0.0,long,487.95712972
2025-10-05 20:00:00,123482.31,Alta Volatilidad/Pánico,0.0,momentum,0.50844854,1.0,0.0,long,488.84764972
2025-10-06 00:00:00,123839.09,Tendencia Alcista,0.0,mean_reversion,0.55721056,0.0,0.2,long,489.20442972
2025-10-06 04:00:00,123390.47,Lateral/Consolidación,0.0,momentum,0.891681,1.0,0.2,long,488.75580972
2025-10-06 08:00:00,124215.0,Alta Volatilidad/Pánico,0.0,momentum,0.64715326,1.0,0.2,long,489.58033972
2025-10-06 12:00:00,125000.0,Alta Volatilidad/Pánico,0.0,momentum,0.60276353,1.0,0.2,long,490.36533972
2025-10-06 16:00:00,125410.81,Tendencia Bajista,0.0,momentum,0.75652325,1.0,0.2,long,490.77614972000003
2025-10-06 20:00:00,124658.54,Tendencia Bajista,0.0,momentum,0.68900216,1.0,0.2,long,490.02387972
2025-10-07 00:00:00,124329.74,Lateral/Consolidación,0.0,mean_reversion,0.5096999,0.0,0.2,long,489.69507972
2025-10-07 04:00:00,123667.99,Alta Volatilidad/Pánico,0.0,momentum,0.6814054,1.0,0.2,long,489.03332972
2025-10-07 08:00:00,124453.38,Tendencia Alcista,0.0,mean_reversion,0.70090634,0.0,0.2,long,489.81871972
2025-10-07 12:00:00,121846.01,Alta Volatilidad/Pánico,0.0,momentum,0.6239342,1.0,0.2,long,487.21134972
2025-10-07 16:00:00,121637.17,Tendencia Alcista,0.0,mean_reversion,0.48819852,0.0,0.2,long,487.00250972000003
2025-10-07 20:00:00,121332.95,Alta Volatilidad/Pánico,0.0,momentum,0.68283623,1.0,0.2,long,486.69828972
2025-10-08 00:00:00,121374.75,Tendencia Bajista,0.0,momentum,0.721397,1.0,0.2,long,486.74008972
2025-10-08 04:00:00,121597.06,Alta Volatilidad/Pánico,0.0,momentum,0.63754654,1.0,0.2,long,486.96239972
2025-10-08 08:00:00,122884.14,Lateral/Consolidación,0.0,mean_reversion,0.5674575,0.0,0.2,long,488.24947972
2025-10-08 12:00:00,122189.72,Tendencia Alcista,0.0,momentum,0.55575395,1.0,0.2,long,487.55505972000003
2025-10-08 16:00:00,123450.0,Tendencia Alcista,0.0,momentum,0.8178738,1.0,0.2,long,488.81533972
2025-10-08 20:00:00,123306.0,Alta Volatilidad/Pánico,0.0,mean_reversion,0.58543956,0.0,0.2,long,488.67133972
2025-10-09 00:00:00,122038.01,Tendencia Alcista,0.0,momentum,0.71599174,1.0,0.2,long,487.40334972
2025-10-09 04:00:00,121906.1,Tendencia Bajista,0.0,mean_reversion,0.53800553,0.0,0.2,long,487.27143972
2025-10-09 08:00:00,122737.57,Tendencia Bajista,0.0,momentum,0.6873149,1.0,0.2,long,488.10290972
2025-10-09 12:00:00,121147.14,Tendencia Alcista,0.0,momentum,0.50254285,1.0,0.2,long,486.51247972
2025-10-09 16:00:00,120951.72,Lateral/Consolidación,0.0,mean_reversion,0.6290259,0.0,0.2,long,486.31705972000003
2025-10-09 20:00:00,121662.4,Lateral/Consolidación,0.0,momentum,0.52921665,1.0,0.0,long,487.02773972
2025-10-10 00:00:00,121026.01,Tendencia Bajista,0.0,momentum,0.5184671,1.0,0.0,long,486.39134972
2025-10-10 04:00:00,120932.05,Tendencia Alcista,0.0,mean_reversion,0.5243079,0.0,0.2,long,486.29738972
2025-10-10 08:00:00,121554.55,Alta Volatilidad/Pánico,0.0,momentum,0.62970406,-1.0,0.2,long,486.91988972
2025-10-10 12:00:00,119018.98,Tendencia Alcista,0.0,momentum,0.76318544,-1.0,0.2,long,484.38431972
2025-10-10 16:00:00,116661.5,Alta Volatilidad/Pánico,0.0,mean_reversion,0.72978944,1.0,0.0,long,482.02683972
2025-10-10 20:00:00,112774.5,Alta Volatilidad/Pánico,0.0,mean_reversion,0.60315895,1.0,0.0,long,478.13983972
2025-10-11 00:00:00,112300.01,Tendencia Bajista,0.0,mean_reversion,0.48946106,1.0,-0.3,long,477.66534972
2025-10-11 04:00:00,110384.61,Alta Volatilidad/Pánico,0.0,mean_reversion,0.75627905,1.0,-0.3,long,475.74994972
2025-10-11 08:00:00,112280.0,Tendencia Alcista,0.0,mean_reversion,0.828993,1.0,-0.3,long,475.63955512000007
2025-10-11 12:00:00,111793.2,Lateral/Consolidación,0.0,mean_reversion,0.79434294,0.0,-0.3,long,475.04046511000007
2025-10-11 16:00:00,111178.31,Tendencia Alcista,0.0,mean_reversion,0.6578864,0.0,-0.3,long,474.42557511000007
2025-10-11 20:00:00,110644.4,Tendencia Alcista,0.0,mean_reversion,0.61881256,0.0,-0.3,long,473.8916651100001
2025-10-12 00:00:00,110676.0,Tendencia Alcista,0.0,mean_reversion,0.7013326,0.0,-0.3,long,473.92326511000005
2025-10-12 04:00:00,111525.2,Tendencia Alcista,0.0,mean_reversion,0.71918505,0.0,-0.3,long,474.77246511000004
2025-10-12 08:00:00,111848.36,Tendencia Alcista,0.0,momentum,0.51286453,-1.0,-0.3,long,475.09562511000007
2025-10-12 12:00:00,113198.2,Tendencia Alcista,0.0,momentum,0.6149812,-1.0,-0.3,long,476.44546511000004
2025-10-12 16:00:00,114342.28,Tendencia Alcista,0.0,mean_reversion,0.7137201,0.0,-0.3,long,477.5895451100001
2025-10-12 20:00:00,114958.8,Tendencia Alcista,0.0,mean_reversion,0.70252943,0.0,-0.3,long,478.20606511000005
2025-10-13 00:00:00,114821.12,Tendencia Alcista,0.0,mean_reversion,0.90816534,0.0,-0.3,long,478.06838511000007
2025-10-13 04:00:00,115399.67,Tendencia Alcista,0.0,mean_reversion,0.682846,0.0,-0.3,long,478.6469351100001
2025-10-13 08:00:00,114180.0,Tendencia Bajista,0.0,mean_reversion,0.71282685,0.0,-0.3,long,477.42726511000006
2025-10-13 12:00:00,114312.1,Tendencia Bajista,0.0,mean_reversion,0.6925045,0.0,-0.3,long,477.55936511000004
2025-10-13 16:00:00,115792.84,Tendencia Bajista,0.0,mean_reversion,0.82440114,0.0,-0.3,long,479.04010511000007
2025-10-13 20:00:00,115166.0,Tendencia Bajista,0.0,mean_reversion,0.8321818,0.0,-0.3,long,478.41326511000005
2025-10-14 00:00:00,113423.01,Tendencia Bajista,0.0,mean_reversion,0.7656221,0.0,-0.3,long,476.67027511000003
