timestamp,symbol,price,regime,regime_confidence,strategy,strategy_confidence,signal,causal_sentiment,position,portfolio_value,symbol_pnl
2025-07-31 00:00:00,BTCUSDT,118466.14,Desconocido,0.000000,hold,0.000000,0.0,0.0,,500.00,0.00
2025-07-31 00:00:00,ETHUSDT,3863.31,Desconocido,0.000000,hold,0.000000,0.0,0.0,,500.00,0.00
2025-07-31 04:00:00,BTCUSDT,118665.97,Desconocido,0.000000,hold,0.000000,0.0,0.0,,500.00,0.00
2025-07-31 04:00:00,ETHUSDT,3863.81,Desconocido,0.000000,hold,0.000000,0.0,0.0,,500.00,0.00
2025-07-31 08:00:00,BTCUSDT,118371.25,Desconocido,0.000000,hold,0.000000,0.0,0.0,,500.00,0.00
2025-07-31 08:00:00,ETHUSDT,3838.46,Desconocido,0.000000,hold,0.000000,0.0,0.0,,500.00,0.00
2025-07-31 12:00:00,BTCUSDT,118306.18,Desconocido,0.000000,hold,0.000000,0.0,0.0,,500.00,0.00
2025-07-31 12:00:00,ETHUSDT,3788.38,Desconocido,0.000000,hold,0.000000,0.0,0.0,,500.00,0.00
2025-07-31 16:00:00,BTCUSDT,116785.79,Desconocido,0.000000,hold,0.000000,0.0,0.0,,500.00,0.00
2025-07-31 16:00:00,ETHUSDT,3737.72,Desconocido,0.000000,hold,0.000000,0.0,0.0,,500.00,0.00
2025-07-31 20:00:00,BTCUSDT,115764.08,Desconocido,0.000000,hold,0.000000,0.0,0.0,,500.00,0.00
2025-07-31 20:00:00,ETHUSDT,3698.39,Desconocido,0.000000,hold,0.000000,0.0,0.0,,500.00,0.00
2025-08-01 00:00:00,BTCUSDT,115648.03,Desconocido,0.000000,hold,0.000000,0.0,0.0,,500.00,0.00
2025-08-01 00:00:00,ETHUSDT,3704.98,Desconocido,0.000000,hold,0.000000,0.0,0.0,,500.00,0.00
2025-08-01 04:00:00,BTCUSDT,115081.77,Desconocido,0.000000,hold,0.000000,0.0,0.0,,500.00,0.00
2025-08-01 04:00:00,ETHUSDT,3650.74,Desconocido,0.000000,hold,0.000000,0.0,0.0,,500.00,0.00
2025-08-01 08:00:00,BTCUSDT,115305.65,Desconocido,0.000000,hold,0.000000,0.0,0.0,,500.00,0.00
2025-08-01 08:00:00,ETHUSDT,3642.72,Desconocido,0.000000,hold,0.000000,0.0,0.0,,500.00,0.00
2025-08-01 12:00:00,BTCUSDT,115357.82,Desconocido,0.000000,hold,0.000000,0.0,0.0,,500.00,0.00
2025-08-01 12:00:00,ETHUSDT,3616.10,Desconocido,0.000000,hold,0.000000,0.0,0.0,,500.00,0.00
2025-08-01 16:00:00,BTCUSDT,113328.68,Desconocido,0.000000,hold,0.000000,0.0,0.0,,500.00,0.00
2025-08-01 16:00:00,ETHUSDT,3518.40,Desconocido,0.000000,hold,0.000000,0.0,0.0,,500.00,0.00
2025-08-01 20:00:00,BTCUSDT,113297.93,Desconocido,0.000000,hold,0.000000,0.0,0.0,,500.00,0.00
2025-08-01 20:00:00,ETHUSDT,3488.20,Desconocido,0.000000,hold,0.000000,0.0,0.0,,500.00,0.00
2025-08-02 00:00:00,BTCUSDT,113909.86,Desconocido,0.000000,hold,0.000000,0.0,0.0,,500.00,0.00
2025-08-02 00:00:00,ETHUSDT,3528.79,Desconocido,0.000000,hold,0.000000,0.0,0.0,,500.00,0.00
2025-08-02 04:00:00,BTCUSDT,113982.49,Desconocido,0.000000,hold,0.000000,0.0,0.0,,500.00,0.00
2025-08-02 04:00:00,ETHUSDT,3519.16,Desconocido,0.000000,hold,0.000000,0.0,0.0,,500.00,0.00
2025-08-02 08:00:00,BTCUSDT,113787.12,Desconocido,0.000000,hold,0.000000,0.0,0.0,,500.00,0.00
2025-08-02 08:00:00,ETHUSDT,3508.67,Desconocido,0.000000,hold,0.000000,0.0,0.0,,500.00,0.00
2025-08-02 12:00:00,BTCUSDT,112840.71,Desconocido,0.000000,hold,0.000000,0.0,0.0,,500.00,0.00
2025-08-02 12:00:00,ETHUSDT,3459.33,Desconocido,0.000000,hold,0.000000,0.0,0.0,,500.00,0.00
2025-08-02 16:00:00,BTCUSDT,112229.42,Desconocido,0.000000,hold,0.000000,0.0,0.0,,500.00,0.00
2025-08-02 16:00:00,ETHUSDT,3383.20,Desconocido,0.000000,hold,0.000000,0.0,0.0,,500.00,0.00
2025-08-02 20:00:00,BTCUSDT,112546.35,Desconocido,0.000000,hold,0.000000,0.0,0.0,,500.00,0.00
2025-08-02 20:00:00,ETHUSDT,3393.94,Desconocido,0.000000,hold,0.000000,0.0,0.0,,500.00,0.00
2025-08-03 00:00:00,BTCUSDT,113604.20,Desconocido,0.000000,hold,0.000000,0.0,0.0,,500.00,0.00
2025-08-03 00:00:00,ETHUSDT,3444.12,Desconocido,0.000000,hold,0.000000,0.0,0.0,,500.00,0.00
2025-08-03 04:00:00,BTCUSDT,113700.00,Desconocido,0.000000,hold,0.000000,0.0,0.0,,500.00,0.00
2025-08-03 04:00:00,ETHUSDT,3456.25,Desconocido,0.000000,hold,0.000000,0.0,0.0,,500.00,0.00
2025-08-03 08:00:00,BTCUSDT,113862.18,Desconocido,0.000000,hold,0.000000,0.0,0.0,,500.00,0.00
2025-08-03 08:00:00,ETHUSDT,3485.46,Desconocido,0.000000,hold,0.000000,0.0,0.0,,500.00,0.00
2025-08-03 12:00:00,BTCUSDT,113959.06,Desconocido,0.000000,hold,0.000000,0.0,0.0,,500.00,0.00
2025-08-03 12:00:00,ETHUSDT,3476.49,Desconocido,0.000000,hold,0.000000,0.0,0.0,,500.00,0.00
2025-08-03 16:00:00,BTCUSDT,114313.19,Desconocido,0.000000,hold,0.000000,0.0,0.0,,500.00,0.00
2025-08-03 16:00:00,ETHUSDT,3496.74,Desconocido,0.000000,hold,0.000000,0.0,0.0,,500.00,0.00
2025-08-03 20:00:00,BTCUSDT,114208.80,Desconocido,0.000000,hold,0.000000,0.0,0.0,,500.00,0.00
2025-08-03 20:00:00,ETHUSDT,3496.74,Desconocido,0.000000,hold,0.000000,0.0,0.0,,500.00,0.00
2025-08-04 00:00:00,BTCUSDT,114570.61,Desconocido,0.000000,hold,0.000000,0.0,0.0,,500.00,0.00
2025-08-04 00:00:00,ETHUSDT,3556.80,Desconocido,0.000000,hold,0.000000,0.0,0.0,,500.00,0.00
2025-08-04 04:00:00,BTCUSDT,114652.97,Desconocido,0.000000,hold,0.000000,0.0,0.0,,500.00,0.00
2025-08-04 04:00:00,ETHUSDT,3551.99,Desconocido,0.000000,hold,0.000000,0.0,0.0,,500.00,0.00
2025-08-04 08:00:00,BTCUSDT,114493.09,Desconocido,0.000000,hold,0.000000,0.0,0.0,,500.00,0.00
2025-08-04 08:00:00,ETHUSDT,3555.70,Desconocido,0.000000,hold,0.000000,0.0,0.0,,500.00,0.00
2025-08-04 12:00:00,BTCUSDT,114826.00,Desconocido,0.000000,hold,0.000000,0.0,0.0,,500.00,0.00
2025-08-04 12:00:00,ETHUSDT,3648.89,Desconocido,0.000000,hold,0.000000,0.0,0.0,,500.00,0.00
2025-08-04 16:00:00,BTCUSDT,114777.62,Desconocido,0.000000,hold,0.000000,0.0,0.0,,500.00,0.00
2025-08-04 16:00:00,ETHUSDT,3669.73,Desconocido,0.000000,hold,0.000000,0.0,0.0,,500.00,0.00
2025-08-04 20:00:00,BTCUSDT,115055.03,Desconocido,0.000000,hold,0.000000,0.0,0.0,,500.00,0.00
2025-08-04 20:00:00,ETHUSDT,3720.99,Desconocido,0.000000,hold,0.000000,0.0,0.0,,500.00,0.00
2025-08-05 00:00:00,BTCUSDT,114256.85,Desconocido,0.000000,hold,0.000000,0.0,0.0,,500.00,0.00
2025-08-05 00:00:00,ETHUSDT,3651.94,Desconocido,0.000000,hold,0.000000,0.0,0.0,,500.00,0.00
2025-08-05 04:00:00,BTCUSDT,113969.70,Desconocido,0.000000,hold,0.000000,0.0,0.0,,500.00,0.00
2025-08-05 04:00:00,ETHUSDT,3613.49,Desconocido,0.000000,hold,0.000000,0.0,0.0,,500.00,0.00
2025-08-05 08:00:00,BTCUSDT,114827.07,Desconocido,0.000000,hold,0.000000,0.0,0.0,,500.00,0.00
2025-08-05 08:00:00,ETHUSDT,3673.79,Desconocido,0.000000,hold,0.000000,0.0,0.0,,500.00,0.00
2025-08-05 12:00:00,BTCUSDT,112934.00,Desconocido,0.000000,hold,0.000000,0.0,0.0,,500.00,0.00
2025-08-05 12:00:00,ETHUSDT,3570.43,Desconocido,0.000000,hold,0.000000,0.0,0.0,,500.00,0.00
2025-08-05 16:00:00,BTCUSDT,113616.52,Desconocido,0.000000,hold,0.000000,0.0,0.0,,500.00,0.00
2025-08-05 16:00:00,ETHUSDT,3571.66,Desconocido,0.000000,hold,0.000000,0.0,0.0,,500.00,0.00
2025-08-05 20:00:00,BTCUSDT,114129.75,Desconocido,0.000000,hold,0.000000,0.0,0.0,,500.00,0.00
2025-08-05 20:00:00,ETHUSDT,3612.00,Desconocido,0.000000,hold,0.000000,0.0,0.0,,500.00,0.00
2025-08-06 00:00:00,BTCUSDT,113509.97,Desconocido,0.000000,hold,0.000000,0.0,0.0,,500.00,0.00
2025-08-06 00:00:00,ETHUSDT,3583.66,Desconocido,0.000000,hold,0.000000,0.0,0.0,,500.00,0.00
2025-08-06 04:00:00,BTCUSDT,114227.91,Desconocido,0.000000,hold,0.000000,0.0,0.0,,500.00,0.00
2025-08-06 04:00:00,ETHUSDT,3639.82,Desconocido,0.000000,hold,0.000000,0.0,0.0,,500.00,0.00
2025-08-06 08:00:00,BTCUSDT,114226.69,Desconocido,0.000000,hold,0.000000,0.0,0.0,,500.00,0.00
2025-08-06 08:00:00,ETHUSDT,3619.64,Desconocido,0.000000,hold,0.000000,0.0,0.0,,500.00,0.00
2025-08-06 12:00:00,BTCUSDT,115413.87,Desconocido,0.000000,hold,0.000000,0.0,0.0,,500.00,0.00
2025-08-06 12:00:00,ETHUSDT,3664.69,Desconocido,0.000000,hold,0.000000,0.0,0.0,,500.00,0.00
2025-08-06 16:00:00,BTCUSDT,115259.99,Desconocido,0.000000,hold,0.000000,0.0,0.0,,500.00,0.00
2025-08-06 16:00:00,ETHUSDT,3683.65,Desconocido,0.000000,hold,0.000000,0.0,0.0,,500.00,0.00
2025-08-06 20:00:00,BTCUSDT,114992.27,Desconocido,0.000000,hold,0.000000,0.0,0.0,,500.00,0.00
2025-08-06 20:00:00,ETHUSDT,3683.31,Desconocido,0.000000,hold,0.000000,0.0,0.0,,500.00,0.00
2025-08-07 00:00:00,BTCUSDT,114546.03,Desconocido,0.000000,hold,0.000000,0.0,0.0,,500.00,0.00
2025-08-07 00:00:00,ETHUSDT,3656.78,Desconocido,0.000000,hold,0.000000,0.0,0.0,,500.00,0.00
2025-08-07 04:00:00,BTCUSDT,114787.99,Desconocido,0.000000,hold,0.000000,0.0,0.0,,500.00,0.00
2025-08-07 04:00:00,ETHUSDT,3702.40,Desconocido,0.000000,hold,0.000000,0.0,0.0,,500.00,0.00
2025-08-07 08:00:00,BTCUSDT,116519.53,Desconocido,0.000000,hold,0.000000,0.0,0.0,,500.00,0.00
2025-08-07 08:00:00,ETHUSDT,3827.00,Desconocido,0.000000,hold,0.000000,0.0,0.0,,500.00,0.00
2025-08-07 12:00:00,BTCUSDT,116689.81,Desconocido,0.000000,hold,0.000000,0.0,0.0,,500.00,0.00
2025-08-07 12:00:00,ETHUSDT,3837.01,Desconocido,0.000000,hold,0.000000,0.0,0.0,,500.00,0.00
2025-08-07 16:00:00,BTCUSDT,117461.98,Desconocido,0.000000,hold,0.000000,0.0,0.0,,500.00,0.00
2025-08-07 16:00:00,ETHUSDT,3867.60,Desconocido,0.000000,hold,0.000000,0.0,0.0,,500.00,0.00
2025-08-07 20:00:00,BTCUSDT,117472.01,Desconocido,0.000000,hold,0.000000,0.0,0.0,,500.00,0.00
2025-08-07 20:00:00,ETHUSDT,3910.31,Desconocido,0.000000,hold,0.000000,0.0,0.0,,500.00,0.00
2025-08-08 00:00:00,BTCUSDT,116737.35,Desconocido,0.000000,hold,0.000000,0.0,0.0,,500.00,0.00
2025-08-08 00:00:00,ETHUSDT,3939.18,Desconocido,0.000000,hold,0.000000,0.0,0.0,,500.00,0.00
2025-08-08 04:00:00,BTCUSDT,116817.19,Desconocido,0.000000,hold,0.000000,0.0,0.0,,500.00,0.00
2025-08-08 04:00:00,ETHUSDT,3915.97,Desconocido,0.000000,hold,0.000000,0.0,0.0,,500.00,0.00
2025-08-08 08:00:00,BTCUSDT,116891.51,Desconocido,0.000000,hold,0.000000,0.0,0.0,,500.00,0.00
2025-08-08 08:00:00,ETHUSDT,3917.97,Desconocido,0.000000,hold,0.000000,0.0,0.0,,500.00,0.00
2025-08-08 12:00:00,BTCUSDT,116207.69,Desconocido,0.000000,hold,0.000000,0.0,0.0,,500.00,0.00
2025-08-08 12:00:00,ETHUSDT,3954.56,Desconocido,0.000000,hold,0.000000,0.0,0.0,,500.00,0.00
2025-08-08 16:00:00,BTCUSDT,116453.41,Desconocido,0.000000,hold,0.000000,0.0,0.0,,500.00,0.00
2025-08-08 16:00:00,ETHUSDT,4060.99,Desconocido,0.000000,hold,0.000000,0.0,0.0,,500.00,0.00
2025-08-08 20:00:00,BTCUSDT,116674.74,Desconocido,0.000000,hold,0.000000,0.0,0.0,,500.00,0.00
2025-08-08 20:00:00,ETHUSDT,4009.50,Desconocido,0.000000,hold,0.000000,0.0,0.0,,500.00,0.00
2025-08-09 00:00:00,BTCUSDT,116384.01,Desconocido,0.000000,hold,0.000000,0.0,0.0,,500.00,0.00
2025-08-09 00:00:00,ETHUSDT,4051.01,Desconocido,0.000000,hold,0.000000,0.0,0.0,,500.00,0.00
2025-08-09 04:00:00,BTCUSDT,116756.01,Desconocido,0.000000,hold,0.000000,0.0,0.0,,500.00,0.00
2025-08-09 04:00:00,ETHUSDT,4170.64,Desconocido,0.000000,hold,0.000000,0.0,0.0,,500.00,0.00
2025-08-09 08:00:00,BTCUSDT,117110.00,Desconocido,0.000000,hold,0.000000,0.0,0.0,,500.00,0.00
2025-08-09 08:00:00,ETHUSDT,4190.00,Desconocido,0.000000,hold,0.000000,0.0,0.0,,500.00,0.00
2025-08-09 12:00:00,BTCUSDT,116892.47,Desconocido,0.000000,hold,0.000000,0.0,0.0,,500.00,0.00
2025-08-09 12:00:00,ETHUSDT,4209.57,Desconocido,0.000000,hold,0.000000,0.0,0.0,,500.00,0.00
2025-08-09 16:00:00,BTCUSDT,116535.69,Desconocido,0.000000,hold,0.000000,0.0,0.0,,500.00,0.00
2025-08-09 16:00:00,ETHUSDT,4258.57,Desconocido,0.000000,hold,0.000000,0.0,0.0,,500.00,0.00
2025-08-09 20:00:00,BTCUSDT,116462.25,Desconocido,0.000000,hold,0.000000,0.0,0.0,,500.00,0.00
2025-08-09 20:00:00,ETHUSDT,4260.62,Desconocido,0.000000,hold,0.000000,0.0,0.0,,500.00,0.00
2025-08-10 00:00:00,BTCUSDT,118500.00,Desconocido,0.000000,hold,0.000000,0.0,0.0,,500.00,0.00
2025-08-10 00:00:00,ETHUSDT,4242.74,Desconocido,0.000000,hold,0.000000,0.0,0.0,,500.00,0.00
2025-08-10 04:00:00,BTCUSDT,117808.30,Desconocido,0.000000,hold,0.000000,0.0,0.0,,500.00,0.00
2025-08-10 04:00:00,ETHUSDT,4185.12,Desconocido,0.000000,hold,0.000000,0.0,0.0,,500.00,0.00
2025-08-10 08:00:00,BTCUSDT,118330.58,Desconocido,0.000000,hold,0.000000,0.0,0.0,,500.00,0.00
2025-08-10 08:00:00,ETHUSDT,4180.57,Desconocido,0.000000,hold,0.000000,0.0,0.0,,500.00,0.00
2025-08-10 12:00:00,BTCUSDT,118815.00,Desconocido,0.000000,hold,0.000000,0.0,0.0,,500.00,0.00
2025-08-10 12:00:00,ETHUSDT,4217.94,Desconocido,0.000000,hold,0.000000,0.0,0.0,,500.00,0.00
2025-08-10 16:00:00,BTCUSDT,118663.08,Desconocido,0.000000,hold,0.000000,0.0,0.0,,500.00,0.00
2025-08-10 16:00:00,ETHUSDT,4248.83,Desconocido,0.000000,hold,0.000000,0.0,0.0,,500.00,0.00
2025-08-10 20:00:00,BTCUSDT,119294.01,Desconocido,0.000000,hold,0.000000,0.0,0.0,,500.00,0.00
2025-08-10 20:00:00,ETHUSDT,4250.57,Desconocido,0.000000,hold,0.000000,0.0,0.0,,500.00,0.00
2025-08-11 00:00:00,BTCUSDT,121728.99,Desconocido,0.000000,hold,0.000000,0.0,0.0,,500.00,0.00
2025-08-11 00:00:00,ETHUSDT,4309.64,Desconocido,0.000000,hold,0.000000,0.0,0.0,,500.00,0.00
2025-08-11 04:00:00,BTCUSDT,121537.15,Desconocido,0.000000,hold,0.000000,0.0,0.0,,500.00,0.00
2025-08-11 04:00:00,ETHUSDT,4273.69,Desconocido,0.000000,hold,0.000000,0.0,0.0,,500.00,0.00
2025-08-11 08:00:00,BTCUSDT,120561.54,Desconocido,0.000000,hold,0.000000,0.0,0.0,,500.00,0.00
2025-08-11 08:00:00,ETHUSDT,4185.10,Desconocido,0.000000,hold,0.000000,0.0,0.0,,500.00,0.00
2025-08-11 12:00:00,BTCUSDT,120314.40,Desconocido,0.000000,hold,0.000000,0.0,0.0,,500.00,0.00
2025-08-11 12:00:00,ETHUSDT,4329.74,Desconocido,0.000000,hold,0.000000,0.0,0.0,,500.00,0.00
2025-08-11 16:00:00,BTCUSDT,119089.30,Desconocido,0.000000,hold,0.000000,0.0,0.0,,500.00,0.00
2025-08-11 16:00:00,ETHUSDT,4259.39,Desconocido,0.000000,hold,0.000000,0.0,0.0,,500.00,0.00
2025-08-11 20:00:00,BTCUSDT,118686.00,Desconocido,0.000000,hold,0.000000,0.0,0.0,,500.00,0.00
2025-08-11 20:00:00,ETHUSDT,4223.22,Desconocido,0.000000,hold,0.000000,0.0,0.0,,500.00,0.00
2025-08-12 00:00:00,BTCUSDT,118857.70,Desconocido,0.000000,hold,0.000000,0.0,0.0,,500.00,0.00
2025-08-12 00:00:00,ETHUSDT,4286.09,Desconocido,0.000000,hold,0.000000,0.0,0.0,,500.00,0.00
2025-08-12 04:00:00,BTCUSDT,118986.72,Desconocido,0.000000,hold,0.000000,0.0,0.0,,500.00,0.00
2025-08-12 04:00:00,ETHUSDT,4315.57,Desconocido,0.000000,hold,0.000000,0.0,0.0,,500.00,0.00
2025-08-12 08:00:00,BTCUSDT,118522.22,Desconocido,0.000000,hold,0.000000,0.0,0.0,,500.00,0.00
2025-08-12 08:00:00,ETHUSDT,4290.94,Desconocido,0.000000,hold,0.000000,0.0,0.0,,500.00,0.00
2025-08-12 12:00:00,BTCUSDT,119933.00,Desconocido,0.000000,hold,0.000000,0.0,0.0,,500.00,0.00
2025-08-12 12:00:00,ETHUSDT,4472.62,Desconocido,0.000000,hold,0.000000,0.0,0.0,,500.00,0.00
2025-08-12 16:00:00,BTCUSDT,119665.27,Desconocido,0.000000,hold,0.000000,0.0,0.0,,500.00,0.00
2025-08-12 16:00:00,ETHUSDT,4516.97,Desconocido,0.000000,hold,0.000000,0.0,0.0,,500.00,0.00
2025-08-12 20:00:00,BTCUSDT,120134.08,Desconocido,0.000000,hold,0.000000,0.0,0.0,,500.00,0.00
2025-08-12 20:00:00,ETHUSDT,4590.52,Desconocido,0.000000,hold,0.000000,0.0,0.0,,500.00,0.00
2025-08-13 00:00:00,BTCUSDT,119482.01,Desconocido,0.000000,hold,0.000000,0.0,0.0,,500.00,0.00
2025-08-13 00:00:00,ETHUSDT,4647.00,Desconocido,0.000000,hold,0.000000,0.0,0.0,,500.00,0.00
2025-08-13 04:00:00,BTCUSDT,119580.40,Desconocido,0.000000,hold,0.000000,0.0,0.0,,500.00,0.00
2025-08-13 04:00:00,ETHUSDT,4625.59,Desconocido,0.000000,hold,0.000000,0.0,0.0,,500.00,0.00
2025-08-13 08:00:00,BTCUSDT,120570.41,Desconocido,0.000000,hold,0.000000,0.0,0.0,,500.00,0.00
2025-08-13 08:00:00,ETHUSDT,4690.33,Desconocido,0.000000,hold,0.000000,0.0,0.0,,500.00,0.00
2025-08-13 12:00:00,BTCUSDT,120920.62,Desconocido,0.000000,hold,0.000000,0.0,0.0,,500.00,0.00
2025-08-13 12:00:00,ETHUSDT,4664.38,Desconocido,0.000000,hold,0.000000,0.0,0.0,,500.00,0.00
2025-08-13 16:00:00,BTCUSDT,122744.21,Desconocido,0.000000,hold,0.000000,0.0,0.0,,500.00,0.00
2025-08-13 16:00:00,ETHUSDT,4738.99,Desconocido,0.000000,hold,0.000000,0.0,0.0,,500.00,0.00
2025-08-13 20:00:00,BTCUSDT,123306.43,Desconocido,0.000000,hold,0.000000,0.0,0.0,,500.00,0.00
2025-08-13 20:00:00,ETHUSDT,4749.30,Desconocido,0.000000,hold,0.000000,0.0,0.0,,500.00,0.00
2025-08-14 00:00:00,BTCUSDT,123337.14,Desconocido,0.000000,hold,0.000000,0.0,0.0,,500.00,0.00
2025-08-14 00:00:00,ETHUSDT,4774.08,Desconocido,0.000000,hold,0.000000,0.0,0.0,,500.00,0.00
2025-08-14 04:00:00,BTCUSDT,121725.31,Desconocido,0.000000,hold,0.000000,0.0,0.0,,500.00,0.00
2025-08-14 04:00:00,ETHUSDT,4748.37,Desconocido,0.000000,hold,0.000000,0.0,0.0,,500.00,0.00
2025-08-14 08:00:00,BTCUSDT,120949.67,Desconocido,0.000000,hold,0.000000,0.0,0.0,,500.00,0.00
2025-08-14 08:00:00,ETHUSDT,4718.17,Desconocido,0.000000,hold,0.000000,0.0,0.0,,500.00,0.00
2025-08-14 12:00:00,BTCUSDT,118257.25,Desconocido,0.000000,hold,0.000000,0.0,0.0,,500.00,0.00
2025-08-14 12:00:00,ETHUSDT,4618.87,Desconocido,0.000000,hold,0.000000,0.0,0.0,,500.00,0.00
2025-08-14 16:00:00,BTCUSDT,117945.92,Desconocido,0.000000,hold,0.000000,0.0,0.0,,500.00,0.00
2025-08-14 16:00:00,ETHUSDT,4537.63,Desconocido,0.000000,hold,0.000000,0.0,0.0,,500.00,0.00
2025-08-14 20:00:00,BTCUSDT,118295.09,Desconocido,0.000000,hold,0.000000,0.0,0.0,,500.00,0.00
2025-08-14 20:00:00,ETHUSDT,4546.84,Desconocido,0.000000,hold,0.000000,0.0,0.0,,500.00,0.00
2025-08-15 00:00:00,BTCUSDT,118968.91,Desconocido,0.000000,hold,0.000000,0.0,0.0,,500.00,0.00
2025-08-15 00:00:00,ETHUSDT,4634.46,Desconocido,0.000000,hold,0.000000,0.0,0.0,,500.00,0.00
2025-08-15 04:00:00,BTCUSDT,118956.45,Desconocido,0.000000,hold,0.000000,0.0,0.0,,500.00,0.00
2025-08-15 04:00:00,ETHUSDT,4640.16,Desconocido,0.000000,hold,0.000000,0.0,0.0,,500.00,0.00
2025-08-15 08:00:00,BTCUSDT,119006.01,Desconocido,0.000000,hold,0.000000,0.0,0.0,,500.00,0.00
2025-08-15 08:00:00,ETHUSDT,4634.16,Desconocido,0.000000,hold,0.000000,0.0,0.0,,500.00,0.00
2025-08-15 12:00:00,BTCUSDT,117275.22,Desconocido,0.000000,hold,0.000000,0.0,0.0,,500.00,0.00
2025-08-15 12:00:00,ETHUSDT,4430.86,Desconocido,0.000000,hold,0.000000,0.0,0.0,,500.00,0.00
2025-08-15 16:00:00,BTCUSDT,116936.27,Desconocido,0.000000,hold,0.000000,0.0,0.0,,500.00,0.00
2025-08-15 16:00:00,ETHUSDT,4383.45,Desconocido,0.000000,hold,0.000000,0.0,0.0,,500.00,0.00
2025-08-15 20:00:00,BTCUSDT,117342.05,Desconocido,0.000000,hold,0.000000,0.0,0.0,,500.00,0.00
2025-08-15 20:00:00,ETHUSDT,4439.47,Desconocido,0.000000,hold,0.000000,0.0,0.0,,500.00,0.00
2025-08-16 00:00:00,BTCUSDT,117429.63,Desconocido,0.000000,hold,0.000000,0.0,0.0,,500.00,0.00
2025-08-16 00:00:00,ETHUSDT,4432.24,Desconocido,0.000000,hold,0.000000,0.0,0.0,,500.00,0.00
2025-08-16 04:00:00,BTCUSDT,117596.07,Desconocido,0.000000,hold,0.000000,0.0,0.0,,500.00,0.00
2025-08-16 04:00:00,ETHUSDT,4451.83,Desconocido,0.000000,hold,0.000000,0.0,0.0,,500.00,0.00
2025-08-16 08:00:00,BTCUSDT,117378.52,Desconocido,0.000000,hold,0.000000,0.0,0.0,,500.00,0.00
2025-08-16 08:00:00,ETHUSDT,4387.87,Desconocido,0.000000,hold,0.000000,0.0,0.0,,500.00,0.00
2025-08-16 12:00:00,BTCUSDT,117676.70,Desconocido,0.000000,hold,0.000000,0.0,0.0,,500.00,0.00
2025-08-16 12:00:00,ETHUSDT,4400.42,Desconocido,0.000000,hold,0.000000,0.0,0.0,,500.00,0.00
2025-08-16 16:00:00,BTCUSDT,117672.12,Desconocido,0.000000,hold,0.000000,0.0,0.0,,500.00,0.00
2025-08-16 16:00:00,ETHUSDT,4418.53,Desconocido,0.000000,hold,0.000000,0.0,0.0,,500.00,0.00
2025-08-16 20:00:00,BTCUSDT,117380.66,Desconocido,0.000000,hold,0.000000,0.0,0.0,,500.00,0.00
2025-08-16 20:00:00,ETHUSDT,4421.99,Desconocido,0.000000,hold,0.000000,0.0,0.0,,500.00,0.00
2025-08-17 00:00:00,BTCUSDT,117684.95,Desconocido,0.000000,hold,0.000000,0.0,0.0,,500.00,0.00
2025-08-17 00:00:00,ETHUSDT,4452.77,Desconocido,0.000000,hold,0.000000,0.0,0.0,,500.00,0.00
2025-08-17 04:00:00,BTCUSDT,118005.98,Desconocido,0.000000,hold,0.000000,0.0,0.0,,500.00,0.00
2025-08-17 04:00:00,ETHUSDT,4467.12,Desconocido,0.000000,hold,0.000000,0.0,0.0,,500.00,0.00
2025-08-17 08:00:00,BTCUSDT,118308.01,Desconocido,0.000000,hold,0.000000,0.0,0.0,,500.00,0.00
2025-08-17 08:00:00,ETHUSDT,4551.68,Desconocido,0.000000,hold,0.000000,0.0,0.0,,500.00,0.00
2025-08-17 12:00:00,BTCUSDT,118246.16,Desconocido,0.000000,hold,0.000000,0.0,0.0,,500.00,0.00
2025-08-17 12:00:00,ETHUSDT,4561.99,Desconocido,0.000000,hold,0.000000,0.0,0.0,,500.00,0.00
2025-08-17 16:00:00,BTCUSDT,117570.07,Desconocido,0.000000,hold,0.000000,0.0,0.0,,500.00,0.00
2025-08-17 16:00:00,ETHUSDT,4459.56,Desconocido,0.000000,hold,0.000000,0.0,0.0,,500.00,0.00
2025-08-17 20:00:00,BTCUSDT,117405.01,Desconocido,0.000000,hold,0.000000,0.0,0.0,,500.00,0.00
2025-08-17 20:00:00,ETHUSDT,4472.33,Desconocido,0.000000,hold,0.000000,0.0,0.0,,500.00,0.00
2025-08-18 00:00:00,BTCUSDT,115319.00,Desconocido,0.000000,hold,0.000000,0.0,0.0,,500.00,0.00
2025-08-18 00:00:00,ETHUSDT,4320.22,Desconocido,0.000000,hold,0.000000,0.0,0.0,,500.00,0.00
2025-08-18 04:00:00,BTCUSDT,115205.98,Desconocido,0.000000,hold,0.000000,0.0,0.0,,500.00,0.00
2025-08-18 04:00:00,ETHUSDT,4257.47,Desconocido,0.000000,hold,0.000000,0.0,0.0,,500.00,0.00
2025-08-18 08:00:00,BTCUSDT,114947.27,Desconocido,0.000000,hold,0.000000,0.0,0.0,,500.00,0.00
2025-08-18 08:00:00,ETHUSDT,4274.37,Desconocido,0.000000,hold,0.000000,0.0,0.0,,500.00,0.00
2025-08-18 12:00:00,BTCUSDT,116145.34,Desconocido,0.000000,hold,0.000000,0.0,0.0,,500.00,0.00
2025-08-18 12:00:00,ETHUSDT,4345.52,Desconocido,0.000000,hold,0.000000,0.0,0.0,,500.00,0.00
2025-08-18 16:00:00,BTCUSDT,116313.99,Desconocido,0.000000,hold,0.000000,0.0,0.0,,500.00,0.00
2025-08-18 16:00:00,ETHUSDT,4355.09,Desconocido,0.000000,hold,0.000000,0.0,0.0,,500.00,0.00
2025-08-18 20:00:00,BTCUSDT,116227.05,Desconocido,0.000000,hold,0.000000,0.0,0.0,,500.00,0.00
2025-08-18 20:00:00,ETHUSDT,4312.99,Desconocido,0.000000,hold,0.000000,0.0,0.0,,500.00,0.00
2025-08-19 00:00:00,BTCUSDT,114810.00,Desconocido,0.000000,hold,0.000000,0.0,0.0,,500.00,0.00
2025-08-19 00:00:00,ETHUSDT,4218.66,Desconocido,0.000000,hold,0.000000,0.0,0.0,,500.00,0.00
2025-08-19 04:00:00,BTCUSDT,114978.14,Desconocido,0.000000,hold,0.000000,0.0,0.0,,500.00,0.00
2025-08-19 04:00:00,ETHUSDT,4234.36,Desconocido,0.000000,hold,0.000000,0.0,0.0,,500.00,0.00
2025-08-19 08:00:00,BTCUSDT,115508.71,Desconocido,0.000000,hold,0.000000,0.0,0.0,,500.00,0.00
2025-08-19 08:00:00,ETHUSDT,4308.93,Desconocido,0.000000,hold,0.000000,0.0,0.0,,500.00,0.00
2025-08-19 12:00:00,BTCUSDT,113786.38,Desconocido,0.000000,hold,0.000000,0.0,0.0,,500.00,0.00
2025-08-19 12:00:00,ETHUSDT,4192.14,Desconocido,0.000000,hold,0.000000,0.0,0.0,,500.00,0.00
2025-08-19 16:00:00,BTCUSDT,113132.48,Desconocido,0.000000,hold,0.000000,0.0,0.0,,500.00,0.00
2025-08-19 16:00:00,ETHUSDT,4142.00,Desconocido,0.000000,hold,0.000000,0.0,0.0,,500.00,0.00
2025-08-19 20:00:00,BTCUSDT,112872.94,Desconocido,0.000000,hold,0.000000,0.0,0.0,,500.00,0.00
2025-08-19 20:00:00,ETHUSDT,4075.59,Desconocido,0.000000,hold,0.000000,0.0,0.0,,500.00,0.00
2025-08-20 00:00:00,BTCUSDT,113525.91,Desconocido,0.000000,hold,0.000000,0.0,0.0,,500.00,0.00
2025-08-20 00:00:00,ETHUSDT,4140.92,Desconocido,0.000000,hold,0.000000,0.0,0.0,,500.00,0.00
2025-08-20 04:00:00,BTCUSDT,113490.13,Desconocido,0.000000,hold,0.000000,0.0,0.0,,500.00,0.00
2025-08-20 04:00:00,ETHUSDT,4185.22,Desconocido,0.000000,hold,0.000000,0.0,0.0,,500.00,0.00
2025-08-20 08:00:00,BTCUSDT,113666.68,Desconocido,0.000000,hold,0.000000,0.0,0.0,,500.00,0.00
2025-08-20 08:00:00,ETHUSDT,4195.30,Desconocido,0.000000,hold,0.000000,0.0,0.0,,500.00,0.00
2025-08-20 12:00:00,BTCUSDT,113353.94,Desconocido,0.000000,hold,0.000000,0.0,0.0,,500.00,0.00
2025-08-20 12:00:00,ETHUSDT,4255.90,Desconocido,0.000000,hold,0.000000,0.0,0.0,,500.00,0.00
2025-08-20 16:00:00,BTCUSDT,114276.66,Desconocido,0.000000,hold,0.000000,0.0,0.0,,500.00,0.00
2025-08-20 16:00:00,ETHUSDT,4346.65,Desconocido,0.000000,hold,0.000000,0.0,0.0,,500.00,0.00
2025-08-20 20:00:00,BTCUSDT,114271.24,Desconocido,0.000000,hold,0.000000,0.0,0.0,,500.00,0.00
2025-08-20 20:00:00,ETHUSDT,4336.16,Desconocido,0.000000,hold,0.000000,0.0,0.0,,500.00,0.00
2025-08-21 00:00:00,BTCUSDT,113954.62,Desconocido,0.000000,hold,0.000000,0.0,0.0,,500.00,0.00
2025-08-21 00:00:00,ETHUSDT,4295.23,Desconocido,0.000000,hold,0.000000,0.0,0.0,,500.00,0.00
2025-08-21 04:00:00,BTCUSDT,113896.03,Desconocido,0.000000,hold,0.000000,0.0,0.0,,500.00,0.00
2025-08-21 04:00:00,ETHUSDT,4310.76,Desconocido,0.000000,hold,0.000000,0.0,0.0,,500.00,0.00
2025-08-21 08:00:00,BTCUSDT,113148.66,Desconocido,0.000000,hold,0.000000,0.0,0.0,,500.00,0.00
2025-08-21 08:00:00,ETHUSDT,4278.52,Desconocido,0.000000,hold,0.000000,0.0,0.0,,500.00,0.00
2025-08-21 12:00:00,BTCUSDT,112792.08,Desconocido,0.000000,hold,0.000000,0.0,0.0,,500.00,0.00
2025-08-21 12:00:00,ETHUSDT,4242.66,Desconocido,0.000000,hold,0.000000,0.0,0.0,,500.00,0.00
2025-08-21 16:00:00,BTCUSDT,112193.71,Desconocido,0.000000,hold,0.000000,0.0,0.0,,500.00,0.00
2025-08-21 16:00:00,ETHUSDT,4224.10,Desconocido,0.000000,hold,0.000000,0.0,0.0,,500.00,0.00
2025-08-21 20:00:00,BTCUSDT,112500.00,Desconocido,0.000000,hold,0.000000,0.0,0.0,,500.00,0.00
2025-08-21 20:00:00,ETHUSDT,4225.30,Desconocido,0.000000,hold,0.000000,0.0,0.0,,500.00,0.00
2025-08-22 00:00:00,BTCUSDT,112929.24,Desconocido,0.000000,hold,0.000000,0.0,0.0,,500.00,0.00
2025-08-22 00:00:00,ETHUSDT,4278.93,Desconocido,0.000000,hold,0.000000,0.0,0.0,,500.00,0.00
2025-08-22 04:00:00,BTCUSDT,113094.83,Desconocido,0.000000,hold,0.000000,0.0,0.0,,500.00,0.00
2025-08-22 04:00:00,ETHUSDT,4328.14,Desconocido,0.000000,hold,0.000000,0.0,0.0,,500.00,0.00
2025-08-22 08:00:00,BTCUSDT,112320.00,Desconocido,0.000000,hold,0.000000,0.0,0.0,,500.00,0.00
2025-08-22 08:00:00,ETHUSDT,4274.56,Desconocido,0.000000,hold,0.000000,0.0,0.0,,500.00,0.00
2025-08-22 12:00:00,BTCUSDT,116370.75,Desconocido,0.000000,hold,0.000000,0.0,0.0,,500.00,0.00
2025-08-22 12:00:00,ETHUSDT,4616.08,Desconocido,0.000000,hold,0.000000,0.0,0.0,,500.00,0.00
2025-08-22 16:00:00,BTCUSDT,116655.79,Desconocido,0.000000,hold,0.000000,0.0,0.0,,500.00,0.00
2025-08-22 16:00:00,ETHUSDT,4833.00,Desconocido,0.000000,hold,0.000000,0.0,0.0,,500.00,0.00
2025-08-22 20:00:00,BTCUSDT,116935.99,Desconocido,0.000000,hold,0.000000,0.0,0.0,,500.00,0.00
2025-08-22 20:00:00,ETHUSDT,4832.07,Desconocido,0.000000,hold,0.000000,0.0,0.0,,500.00,0.00
2025-08-23 00:00:00,BTCUSDT,115568.77,Desconocido,0.000000,hold,0.000000,0.0,0.0,,500.00,0.00
2025-08-23 00:00:00,ETHUSDT,4694.64,Desconocido,0.000000,hold,0.000000,0.0,0.0,,500.00,0.00
2025-08-23 04:00:00,BTCUSDT,115799.47,Desconocido,0.000000,hold,0.000000,0.0,0.0,,500.00,0.00
2025-08-23 04:00:00,ETHUSDT,4713.88,Desconocido,0.000000,hold,0.000000,0.0,0.0,,500.00,0.00
2025-08-23 08:00:00,BTCUSDT,115310.13,Desconocido,0.000000,hold,0.000000,0.0,0.0,,500.00,0.00
2025-08-23 08:00:00,ETHUSDT,4704.93,Desconocido,0.000000,hold,0.000000,0.0,0.0,,500.00,0.00
2025-08-23 12:00:00,BTCUSDT,114812.87,Desconocido,0.000000,hold,0.000000,0.0,0.0,,500.00,0.00
2025-08-23 12:00:00,ETHUSDT,4751.00,Desconocido,0.000000,hold,0.000000,0.0,0.0,,500.00,0.00
2025-08-23 16:00:00,BTCUSDT,115133.91,Desconocido,0.000000,hold,0.000000,0.0,0.0,,500.00,0.00
2025-08-23 16:00:00,ETHUSDT,4758.66,Desconocido,0.000000,hold,0.000000,0.0,0.0,,500.00,0.00
2025-08-23 20:00:00,BTCUSDT,115438.05,Desconocido,0.000000,hold,0.000000,0.0,0.0,,500.00,0.00
2025-08-23 20:00:00,ETHUSDT,4778.40,Desconocido,0.000000,hold,0.000000,0.0,0.0,,500.00,0.00
2025-08-24 00:00:00,BTCUSDT,115036.00,Desconocido,0.000000,hold,0.000000,0.0,0.0,,500.00,0.00
2025-08-24 00:00:00,ETHUSDT,4788.59,Desconocido,0.000000,hold,0.000000,0.0,0.0,,500.00,0.00
2025-08-24 04:00:00,BTCUSDT,114888.19,Desconocido,0.000000,hold,0.000000,0.0,0.0,,500.00,0.00
2025-08-24 04:00:00,ETHUSDT,4758.70,Desconocido,0.000000,hold,0.000000,0.0,0.0,,500.00,0.00
2025-08-24 08:00:00,BTCUSDT,114730.22,Desconocido,0.000000,hold,0.000000,0.0,0.0,,500.00,0.00
2025-08-24 08:00:00,ETHUSDT,4747.73,Desconocido,0.000000,hold,0.000000,0.0,0.0,,500.00,0.00
2025-08-24 12:00:00,BTCUSDT,114400.00,Desconocido,0.000000,hold,0.000000,0.0,0.0,,500.00,0.00
2025-08-24 12:00:00,ETHUSDT,4798.32,Desconocido,0.000000,hold,0.000000,0.0,0.0,,500.00,0.00
2025-08-24 16:00:00,BTCUSDT,112600.00,Desconocido,0.000000,hold,0.000000,0.0,0.0,,500.00,0.00
2025-08-24 16:00:00,ETHUSDT,4813.04,Desconocido,0.000000,hold,0.000000,0.0,0.0,,500.00,0.00
2025-08-24 20:00:00,BTCUSDT,113493.59,Desconocido,0.000000,hold,0.000000,0.0,0.0,,500.00,0.00
2025-08-24 20:00:00,ETHUSDT,4780.15,Desconocido,0.000000,hold,0.000000,0.0,0.0,,500.00,0.00
2025-08-25 00:00:00,BTCUSDT,112916.84,Desconocido,0.000000,hold,0.000000,0.0,0.0,,500.00,0.00
2025-08-25 00:00:00,ETHUSDT,4727.41,Desconocido,0.000000,hold,0.000000,0.0,0.0,,500.00,0.00
2025-08-25 04:00:00,BTCUSDT,111511.55,Desconocido,0.000000,hold,0.000000,0.0,0.0,,500.00,0.00
2025-08-25 04:00:00,ETHUSDT,4591.36,Desconocido,0.000000,hold,0.000000,0.0,0.0,,500.00,0.00
2025-08-25 08:00:00,BTCUSDT,111214.97,Desconocido,0.000000,hold,0.000000,0.0,0.0,,500.00,0.00
2025-08-25 08:00:00,ETHUSDT,4600.08,Desconocido,0.000000,hold,0.000000,0.0,0.0,,500.00,0.00
2025-08-25 12:00:00,BTCUSDT,112200.64,Desconocido,0.000000,hold,0.000000,0.0,0.0,,500.00,0.00
2025-08-25 12:00:00,ETHUSDT,4612.57,Desconocido,0.000000,hold,0.000000,0.0,0.0,,500.00,0.00
2025-08-25 16:00:00,BTCUSDT,110716.13,Desconocido,0.000000,hold,0.000000,0.0,0.0,,500.00,0.00
2025-08-25 16:00:00,ETHUSDT,4420.34,Desconocido,0.000000,hold,0.000000,0.0,0.0,,500.00,0.00
2025-08-25 20:00:00,BTCUSDT,110111.98,Desconocido,0.000000,hold,0.000000,0.0,0.0,,500.00,0.00
2025-08-25 20:00:00,ETHUSDT,4376.18,Desconocido,0.000000,hold,0.000000,0.0,0.0,,500.00,0.00
2025-08-26 00:00:00,BTCUSDT,109879.56,Desconocido,0.000000,hold,0.000000,0.0,0.0,,500.00,0.00
2025-08-26 00:00:00,ETHUSDT,4402.58,Desconocido,0.000000,hold,0.000000,0.0,0.0,,500.00,0.00
2025-08-26 04:00:00,BTCUSDT,110303.20,Desconocido,0.000000,hold,0.000000,0.0,0.0,,500.00,0.00
2025-08-26 04:00:00,ETHUSDT,4429.70,Desconocido,0.000000,hold,0.000000,0.0,0.0,,500.00,0.00
2025-08-26 08:00:00,BTCUSDT,109876.52,Desconocido,0.000000,hold,0.000000,0.0,0.0,,500.00,0.00
2025-08-26 08:00:00,ETHUSDT,4427.24,Desconocido,0.000000,hold,0.000000,0.0,0.0,,500.00,0.00
2025-08-26 12:00:00,BTCUSDT,109666.33,Desconocido,0.000000,hold,0.000000,0.0,0.0,,500.00,0.00
2025-08-26 12:00:00,ETHUSDT,4519.02,Desconocido,0.000000,hold,0.000000,0.0,0.0,,500.00,0.00
2025-08-26 16:00:00,BTCUSDT,111116.03,Desconocido,0.000000,hold,0.000000,0.0,0.0,,500.00,0.00
2025-08-26 16:00:00,ETHUSDT,4596.70,Desconocido,0.000000,hold,0.000000,0.0,0.0,,500.00,0.00
2025-08-26 20:00:00,BTCUSDT,111763.22,Desconocido,0.000000,hold,0.000000,0.0,0.0,,500.00,0.00
2025-08-26 20:00:00,ETHUSDT,4600.63,Desconocido,0.000000,hold,0.000000,0.0,0.0,,500.00,0.00
2025-08-27 00:00:00,BTCUSDT,111418.15,Desconocido,0.000000,hold,0.000000,0.0,0.0,,500.00,0.00
2025-08-27 00:00:00,ETHUSDT,4603.55,Desconocido,0.000000,hold,0.000000,0.0,0.0,,500.00,0.00
2025-08-27 04:00:00,BTCUSDT,110725.18,Desconocido,0.000000,hold,0.000000,0.0,0.0,,500.00,0.00
2025-08-27 04:00:00,ETHUSDT,4580.45,Desconocido,0.000000,hold,0.000000,0.0,0.0,,500.00,0.00
2025-08-27 08:00:00,BTCUSDT,111322.07,Desconocido,0.000000,hold,0.000000,0.0,0.0,,500.00,0.00
2025-08-27 08:00:00,ETHUSDT,4608.87,Desconocido,0.000000,hold,0.000000,0.0,0.0,,500.00,0.00
2025-08-27 12:00:00,BTCUSDT,112000.00,Desconocido,0.000000,hold,0.000000,0.0,0.0,,500.00,0.00
2025-08-27 12:00:00,ETHUSDT,4657.57,Desconocido,0.000000,hold,0.000000,0.0,0.0,,500.00,0.00
2025-08-27 16:00:00,BTCUSDT,112080.69,Desconocido,0.000000,hold,0.000000,0.0,0.0,,500.00,0.00
2025-08-27 16:00:00,ETHUSDT,4565.70,Desconocido,0.000000,hold,0.000000,0.0,0.0,,500.00,0.00
2025-08-27 20:00:00,BTCUSDT,111262.01,Desconocido,0.000000,hold,0.000000,0.0,0.0,,500.00,0.00
2025-08-27 20:00:00,ETHUSDT,4506.71,Desconocido,0.000000,hold,0.000000,0.0,0.0,,500.00,0.00
2025-08-28 00:00:00,BTCUSDT,112000.01,Desconocido,0.000000,hold,0.000000,0.0,0.0,,500.00,0.00
2025-08-28 00:00:00,ETHUSDT,4541.63,Desconocido,0.000000,hold,0.000000,0.0,0.0,,500.00,0.00
2025-08-28 04:00:00,BTCUSDT,113114.11,Desconocido,0.000000,hold,0.000000,0.0,0.0,,500.00,0.00
2025-08-28 04:00:00,ETHUSDT,4596.82,Desconocido,0.000000,hold,0.000000,0.0,0.0,,500.00,0.00
2025-08-28 08:00:00,BTCUSDT,112909.18,Desconocido,0.000000,hold,0.000000,0.0,0.0,,500.00,0.00
2025-08-28 08:00:00,ETHUSDT,4594.80,Desconocido,0.000000,hold,0.000000,0.0,0.0,,500.00,0.00
2025-08-28 12:00:00,BTCUSDT,112678.53,Desconocido,0.000000,hold,0.000000,0.0,0.0,,500.00,0.00
2025-08-28 12:00:00,ETHUSDT,4504.01,Desconocido,0.000000,hold,0.000000,0.0,0.0,,500.00,0.00
2025-08-28 16:00:00,BTCUSDT,111901.36,Desconocido,0.000000,hold,0.000000,0.0,0.0,,500.00,0.00
2025-08-28 16:00:00,ETHUSDT,4438.46,Desconocido,0.000000,hold,0.000000,0.0,0.0,,500.00,0.00
2025-08-28 20:00:00,BTCUSDT,112566.90,Desconocido,0.000000,hold,0.000000,0.0,0.0,,500.00,0.00
2025-08-28 20:00:00,ETHUSDT,4511.21,Desconocido,0.000000,hold,0.000000,0.0,0.0,,500.00,0.00
2025-08-29 00:00:00,BTCUSDT,111704.23,Desconocido,0.000000,hold,0.000000,0.0,0.0,,500.00,0.00
2025-08-29 00:00:00,ETHUSDT,4489.75,Desconocido,0.000000,hold,0.000000,0.0,0.0,,500.00,0.00
2025-08-29 04:00:00,BTCUSDT,110019.38,Desconocido,0.000000,hold,0.000000,0.0,0.0,,500.00,0.00
2025-08-29 04:00:00,ETHUSDT,4381.03,Desconocido,0.000000,hold,0.000000,0.0,0.0,,500.00,0.00
2025-08-29 08:00:00,BTCUSDT,110098.81,Desconocido,0.000000,hold,0.000000,0.0,0.0,,500.00,0.00
2025-08-29 08:00:00,ETHUSDT,4346.48,Desconocido,0.000000,hold,0.000000,0.0,0.0,,500.00,0.00
2025-08-29 12:00:00,BTCUSDT,108386.23,Desconocido,0.000000,hold,0.000000,0.0,0.0,,500.00,0.00
2025-08-29 12:00:00,ETHUSDT,4316.09,Desconocido,0.000000,hold,0.000000,0.0,0.0,,500.00,0.00
2025-08-29 16:00:00,BTCUSDT,108212.01,Desconocido,0.000000,hold,0.000000,0.0,0.0,,500.00,0.00
2025-08-29 16:00:00,ETHUSDT,4340.78,Desconocido,0.000000,hold,0.000000,0.0,0.0,,500.00,0.00
2025-08-29 20:00:00,BTCUSDT,108377.40,Desconocido,0.000000,hold,0.000000,0.0,0.0,,500.00,0.00
2025-08-29 20:00:00,ETHUSDT,4360.18,Desconocido,0.000000,hold,0.000000,0.0,0.0,,500.00,0.00
2025-08-30 00:00:00,BTCUSDT,108436.20,Desconocido,0.000000,hold,0.000000,0.0,0.0,,500.00,0.00
2025-08-30 00:00:00,ETHUSDT,4352.45,Desconocido,0.000000,hold,0.000000,0.0,0.0,,500.00,0.00
2025-08-30 04:00:00,BTCUSDT,108524.26,Desconocido,0.000000,hold,0.000000,0.0,0.0,,500.00,0.00
2025-08-30 04:00:00,ETHUSDT,4402.39,Desconocido,0.000000,hold,0.000000,0.0,0.0,,500.00,0.00
2025-08-30 08:00:00,BTCUSDT,108680.01,Desconocido,0.000000,hold,0.000000,0.0,0.0,,500.00,0.00
2025-08-30 08:00:00,ETHUSDT,4392.08,Desconocido,0.000000,hold,0.000000,0.0,0.0,,500.00,0.00
2025-08-30 12:00:00,BTCUSDT,108869.98,Desconocido,0.000000,hold,0.000000,0.0,0.0,,500.00,0.00
2025-08-30 12:00:00,ETHUSDT,4376.35,Desconocido,0.000000,hold,0.000000,0.0,0.0,,500.00,0.00
2025-08-30 16:00:00,BTCUSDT,108828.33,Desconocido,0.000000,hold,0.000000,0.0,0.0,,500.00,0.00
2025-08-30 16:00:00,ETHUSDT,4354.63,Desconocido,0.000000,hold,0.000000,0.0,0.0,,500.00,0.00
2025-08-30 20:00:00,BTCUSDT,108816.33,Desconocido,0.000000,hold,0.000000,0.0,0.0,,500.00,0.00
2025-08-30 20:00:00,ETHUSDT,4373.70,Desconocido,0.000000,hold,0.000000,0.0,0.0,,500.00,0.00
2025-08-31 00:00:00,BTCUSDT,109223.84,Desconocido,0.000000,hold,0.000000,0.0,0.0,,500.00,0.00
2025-08-31 00:00:00,ETHUSDT,4488.12,Desconocido,0.000000,hold,0.000000,0.0,0.0,,500.00,0.00
2025-08-31 04:00:00,BTCUSDT,108708.26,Desconocido,0.000000,hold,0.000000,0.0,0.0,,500.00,0.00
2025-08-31 04:00:00,ETHUSDT,4450.84,Desconocido,0.000000,hold,0.000000,0.0,0.0,,500.00,0.00
2025-08-31 08:00:00,BTCUSDT,108389.76,Desconocido,0.000000,hold,0.000000,0.0,0.0,,500.00,0.00
2025-08-31 08:00:00,ETHUSDT,4476.98,Desconocido,0.000000,hold,0.000000,0.0,0.0,,500.00,0.00
2025-08-31 12:00:00,BTCUSDT,108818.69,Desconocido,0.000000,hold,0.000000,0.0,0.0,,500.00,0.00
2025-08-31 12:00:00,ETHUSDT,4485.27,Desconocido,0.000000,hold,0.000000,0.0,0.0,,500.00,0.00
2025-08-31 16:00:00,BTCUSDT,108930.00,Desconocido,0.000000,hold,0.000000,0.0,0.0,,500.00,0.00
2025-08-31 16:00:00,ETHUSDT,4456.01,Desconocido,0.000000,hold,0.000000,0.0,0.0,,500.00,0.00
2025-08-31 20:00:00,BTCUSDT,108246.35,Desconocido,0.000000,hold,0.000000,0.0,0.0,,500.00,0.00
2025-08-31 20:00:00,ETHUSDT,4391.83,Desconocido,0.000000,hold,0.000000,0.0,0.0,,500.00,0.00
2025-09-01 00:00:00,BTCUSDT,107660.01,Desconocido,0.000000,hold,0.000000,0.0,0.0,,500.00,0.00
2025-09-01 00:00:00,ETHUSDT,4404.16,Desconocido,0.000000,hold,0.000000,0.0,0.0,,500.00,0.00
2025-09-01 04:00:00,BTCUSDT,109432.99,Desconocido,0.000000,hold,0.000000,0.0,0.0,,500.00,0.00
2025-09-01 04:00:00,ETHUSDT,4463.29,Desconocido,0.000000,hold,0.000000,0.0,0.0,,500.00,0.00
2025-09-01 08:00:00,BTCUSDT,108782.88,Desconocido,0.000000,hold,0.000000,0.0,0.0,,500.00,0.00
2025-09-01 08:00:00,ETHUSDT,4392.83,Desconocido,0.000000,hold,0.000000,0.0,0.0,,500.00,0.00
2025-09-01 12:00:00,BTCUSDT,108784.33,Desconocido,0.000000,hold,0.000000,0.0,0.0,,500.00,0.00
2025-09-01 12:00:00,ETHUSDT,4362.01,Desconocido,0.000000,hold,0.000000,0.0,0.0,,500.00,0.00
2025-09-01 16:00:00,BTCUSDT,109217.64,Desconocido,0.000000,hold,0.000000,0.0,0.0,,500.00,0.00
2025-09-01 16:00:00,ETHUSDT,4368.06,Desconocido,0.000000,hold,0.000000,0.0,0.0,,500.00,0.00
2025-09-01 20:00:00,BTCUSDT,109237.42,Desconocido,0.000000,hold,0.000000,0.0,0.0,,500.00,0.00
2025-09-01 20:00:00,ETHUSDT,4314.50,Desconocido,0.000000,hold,0.000000,0.0,0.0,,500.00,0.00
2025-09-02 00:00:00,BTCUSDT,110322.18,Desconocido,0.000000,hold,0.000000,0.0,0.0,,500.00,0.00
2025-09-02 00:00:00,ETHUSDT,4367.11,Desconocido,0.000000,hold,0.000000,0.0,0.0,,500.00,0.00
2025-09-02 04:00:00,BTCUSDT,110233.92,Desconocido,0.000000,hold,0.000000,0.0,0.0,,500.00,0.00
2025-09-02 04:00:00,ETHUSDT,4377.53,Desconocido,0.000000,hold,0.000000,0.0,0.0,,500.00,0.00
2025-09-02 08:00:00,BTCUSDT,109733.34,Desconocido,0.000000,hold,0.000000,0.0,0.0,,500.00,0.00
2025-09-02 08:00:00,ETHUSDT,4347.98,Desconocido,0.000000,hold,0.000000,0.0,0.0,,500.00,0.00
2025-09-02 12:00:00,BTCUSDT,110829.17,Desconocido,0.000000,hold,0.000000,0.0,0.0,,500.00,0.00
2025-09-02 12:00:00,ETHUSDT,4295.66,Desconocido,0.000000,hold,0.000000,0.0,0.0,,500.00,0.00
2025-09-02 16:00:00,BTCUSDT,110806.00,Desconocido,0.000000,hold,0.000000,0.0,0.0,,500.00,0.00
2025-09-02 16:00:00,ETHUSDT,4274.41,Desconocido,0.000000,hold,0.000000,0.0,0.0,,500.00,0.00
2025-09-02 20:00:00,BTCUSDT,111240.01,Desconocido,0.000000,hold,0.000000,0.0,0.0,,500.00,0.00
2025-09-02 20:00:00,ETHUSDT,4326.50,Desconocido,0.000000,hold,0.000000,0.0,0.0,,500.00,0.00
2025-09-03 00:00:00,BTCUSDT,111054.01,Desconocido,0.000000,hold,0.000000,0.0,0.0,,500.00,0.00
2025-09-03 00:00:00,ETHUSDT,4335.02,Desconocido,0.000000,hold,0.000000,0.0,0.0,,500.00,0.00
2025-09-03 04:00:00,BTCUSDT,111099.88,Desconocido,0.000000,hold,0.000000,0.0,0.0,,500.00,0.00
2025-09-03 04:00:00,ETHUSDT,4310.21,Desconocido,0.000000,hold,0.000000,0.0,0.0,,500.00,0.00
2025-09-03 08:00:00,BTCUSDT,111437.77,Desconocido,0.000000,hold,0.000000,0.0,0.0,,500.00,0.00
2025-09-03 08:00:00,ETHUSDT,4371.51,Desconocido,0.000000,hold,0.000000,0.0,0.0,,500.00,0.00
2025-09-03 12:00:00,BTCUSDT,112222.74,Desconocido,0.000000,hold,0.000000,0.0,0.0,,500.00,0.00
2025-09-03 12:00:00,ETHUSDT,4480.03,Desconocido,0.000000,hold,0.000000,0.0,0.0,,500.00,0.00
2025-09-03 16:00:00,BTCUSDT,112193.74,Desconocido,0.000000,hold,0.000000,0.0,0.0,,500.00,0.00
2025-09-03 16:00:00,ETHUSDT,4475.32,Desconocido,0.000000,hold,0.000000,0.0,0.0,,500.00,0.00
2025-09-03 20:00:00,BTCUSDT,111705.71,Desconocido,0.000000,hold,0.000000,0.0,0.0,,500.00,0.00
2025-09-03 20:00:00,ETHUSDT,4450.46,Desconocido,0.000000,hold,0.000000,0.0,0.0,,500.00,0.00
2025-09-04 00:00:00,BTCUSDT,111148.97,Desconocido,0.000000,hold,0.000000,0.0,0.0,,500.00,0.00
2025-09-04 00:00:00,ETHUSDT,4398.03,Desconocido,0.000000,hold,0.000000,0.0,0.0,,500.00,0.00
2025-09-04 04:00:00,BTCUSDT,110463.36,Desconocido,0.000000,hold,0.000000,0.0,0.0,,500.00,0.00
2025-09-04 04:00:00,ETHUSDT,4371.04,Desconocido,0.000000,hold,0.000000,0.0,0.0,,500.00,0.00
2025-09-04 08:00:00,BTCUSDT,110810.00,Desconocido,0.000000,hold,0.000000,0.0,0.0,,500.00,0.00
2025-09-04 08:00:00,ETHUSDT,4407.03,Desconocido,0.000000,hold,0.000000,0.0,0.0,,500.00,0.00
2025-09-04 12:00:00,BTCUSDT,109510.31,Desconocido,0.000000,hold,0.000000,0.0,0.0,,500.00,0.00
2025-09-04 12:00:00,ETHUSDT,4305.33,Desconocido,0.000000,hold,0.000000,0.0,0.0,,500.00,0.00
2025-09-04 16:00:00,BTCUSDT,109799.99,Desconocido,0.000000,hold,0.000000,0.0,0.0,,500.00,0.00
2025-09-04 16:00:00,ETHUSDT,4275.92,Desconocido,0.000000,hold,0.000000,0.0,0.0,,500.00,0.00
2025-09-04 20:00:00,BTCUSDT,110730.87,Desconocido,0.000000,hold,0.000000,0.0,0.0,,500.00,0.00
2025-09-04 20:00:00,ETHUSDT,4297.55,Desconocido,0.000000,hold,0.000000,0.0,0.0,,500.00,0.00
2025-09-05 00:00:00,BTCUSDT,111311.77,Desconocido,0.000000,hold,0.000000,0.0,0.0,,500.00,0.00
2025-09-05 00:00:00,ETHUSDT,4328.88,Desconocido,0.000000,hold,0.000000,0.0,0.0,,500.00,0.00
2025-09-05 04:00:00,BTCUSDT,112954.32,Desconocido,0.000000,hold,0.000000,0.0,0.0,,500.00,0.00
2025-09-05 04:00:00,ETHUSDT,4417.29,Desconocido,0.000000,hold,0.000000,0.0,0.0,,500.00,0.00
2025-09-05 08:00:00,BTCUSDT,112354.00,Desconocido,0.000000,hold,0.000000,0.0,0.0,,500.00,0.00
2025-09-05 08:00:00,ETHUSDT,4417.39,Desconocido,0.000000,hold,0.000000,0.0,0.0,,500.00,0.00
2025-09-05 12:00:00,BTCUSDT,110716.82,Desconocido,0.000000,hold,0.000000,0.0,0.0,,500.00,0.00
2025-09-05 12:00:00,ETHUSDT,4283.39,Desconocido,0.000000,hold,0.000000,0.0,0.0,,500.00,0.00
2025-09-05 16:00:00,BTCUSDT,111614.54,Desconocido,0.000000,hold,0.000000,0.0,0.0,,500.00,0.00
2025-09-05 16:00:00,ETHUSDT,4331.54,Desconocido,0.000000,hold,0.000000,0.0,0.0,,500.00,0.00
2025-09-05 20:00:00,BTCUSDT,110659.99,Desconocido,0.000000,hold,0.000000,0.0,0.0,,500.00,0.00
2025-09-05 20:00:00,ETHUSDT,4307.45,Desconocido,0.000000,hold,0.000000,0.0,0.0,,500.00,0.00
2025-09-06 00:00:00,BTCUSDT,111082.22,Desconocido,0.000000,hold,0.000000,0.0,0.0,,500.00,0.00
2025-09-06 00:00:00,ETHUSDT,4320.42,Desconocido,0.000000,hold,0.000000,0.0,0.0,,500.00,0.00
2025-09-06 04:00:00,BTCUSDT,110825.60,Desconocido,0.000000,hold,0.000000,0.0,0.0,,500.00,0.00
2025-09-06 04:00:00,ETHUSDT,4312.26,Desconocido,0.000000,hold,0.000000,0.0,0.0,,500.00,0.00
2025-09-06 08:00:00,BTCUSDT,110781.02,Desconocido,0.000000,hold,0.000000,0.0,0.0,,500.00,0.00
2025-09-06 08:00:00,ETHUSDT,4299.99,Desconocido,0.000000,hold,0.000000,0.0,0.0,,500.00,0.00
2025-09-06 12:00:00,BTCUSDT,110384.15,Desconocido,0.000000,hold,0.000000,0.0,0.0,,500.00,0.00
2025-09-06 12:00:00,ETHUSDT,4270.24,Desconocido,0.000000,hold,0.000000,0.0,0.0,,500.00,0.00
2025-09-06 16:00:00,BTCUSDT,110038.41,Desconocido,0.000000,hold,0.000000,0.0,0.0,,500.00,0.00
2025-09-06 16:00:00,ETHUSDT,4255.48,Desconocido,0.000000,hold,0.000000,0.0,0.0,,500.00,0.00
2025-09-06 20:00:00,BTCUSDT,110187.97,Desconocido,0.000000,hold,0.000000,0.0,0.0,,500.00,0.00
2025-09-06 20:00:00,ETHUSDT,4273.14,Desconocido,0.000000,hold,0.000000,0.0,0.0,,500.00,0.00
2025-09-07 00:00:00,BTCUSDT,110629.15,Desconocido,0.000000,hold,0.000000,0.0,0.0,,500.00,0.00
2025-09-07 00:00:00,ETHUSDT,4296.90,Desconocido,0.000000,hold,0.000000,0.0,0.0,,500.00,0.00
2025-09-07 04:00:00,BTCUSDT,110753.42,Desconocido,0.000000,hold,0.000000,0.0,0.0,,500.00,0.00
2025-09-07 04:00:00,ETHUSDT,4294.56,Desconocido,0.000000,hold,0.000000,0.0,0.0,,500.00,0.00
2025-09-07 08:00:00,BTCUSDT,111292.13,Desconocido,0.000000,hold,0.000000,0.0,0.0,,500.00,0.00
2025-09-07 08:00:00,ETHUSDT,4310.87,Desconocido,0.000000,hold,0.000000,0.0,0.0,,500.00,0.00
2025-09-07 12:00:00,BTCUSDT,111329.99,Desconocido,0.000000,hold,0.000000,0.0,0.0,,500.00,0.00
2025-09-07 12:00:00,ETHUSDT,4299.38,Desconocido,0.000000,hold,0.000000,0.0,0.0,,500.00,0.00
2025-09-07 16:00:00,BTCUSDT,111259.99,Desconocido,0.000000,hold,0.000000,0.0,0.0,,500.00,0.00
2025-09-07 16:00:00,ETHUSDT,4293.48,Desconocido,0.000000,hold,0.000000,0.0,0.0,,500.00,0.00
2025-09-07 20:00:00,BTCUSDT,111137.34,Desconocido,0.000000,hold,0.000000,0.0,0.0,,500.00,0.00
2025-09-07 20:00:00,ETHUSDT,4306.19,Desconocido,0.000000,hold,0.000000,0.0,0.0,,500.00,0.00
2025-09-08 00:00:00,BTCUSDT,111052.11,Desconocido,0.000000,hold,0.000000,0.0,0.0,,500.00,0.00
2025-09-08 00:00:00,ETHUSDT,4311.87,Desconocido,0.000000,hold,0.000000,0.0,0.0,,500.00,0.00
2025-09-08 04:00:00,BTCUSDT,111280.39,Desconocido,0.000000,hold,0.000000,0.0,0.0,,500.00,0.00
2025-09-08 04:00:00,ETHUSDT,4291.78,Desconocido,0.000000,hold,0.000000,0.0,0.0,,500.00,0.00
2025-09-08 08:00:00,BTCUSDT,112052.43,Desconocido,0.000000,hold,0.000000,0.0,0.0,,500.00,0.00
2025-09-08 08:00:00,ETHUSDT,4312.41,Desconocido,0.000000,hold,0.000000,0.0,0.0,,500.00,0.00
2025-09-08 12:00:00,BTCUSDT,112631.75,Desconocido,0.000000,hold,0.000000,0.0,0.0,,500.00,0.00
2025-09-08 12:00:00,ETHUSDT,4371.64,Desconocido,0.000000,hold,0.000000,0.0,0.0,,500.00,0.00
2025-09-08 16:00:00,BTCUSDT,112097.31,Desconocido,0.000000,hold,0.000000,0.0,0.0,,500.00,0.00
2025-09-08 16:00:00,ETHUSDT,4293.00,Desconocido,0.000000,hold,0.000000,0.0,0.0,,500.00,0.00
2025-09-08 20:00:00,BTCUSDT,112065.23,Desconocido,0.000000,hold,0.000000,0.0,0.0,,500.00,0.00
2025-09-08 20:00:00,ETHUSDT,4306.37,Desconocido,0.000000,hold,0.000000,0.0,0.0,,500.00,0.00
2025-09-09 00:00:00,BTCUSDT,111708.00,Desconocido,0.000000,hold,0.000000,0.0,0.0,,500.00,0.00
2025-09-09 00:00:00,ETHUSDT,4306.63,Desconocido,0.000000,hold,0.000000,0.0,0.0,,500.00,0.00
2025-09-09 04:00:00,BTCUSDT,112991.11,Desconocido,0.000000,hold,0.000000,0.0,0.0,,500.00,0.00
2025-09-09 04:00:00,ETHUSDT,4361.53,Desconocido,0.000000,hold,0.000000,0.0,0.0,,500.00,0.00
2025-09-09 08:00:00,BTCUSDT,112433.59,Desconocido,0.000000,hold,0.000000,0.0,0.0,,500.00,0.00
2025-09-09 08:00:00,ETHUSDT,4347.34,Desconocido,0.000000,hold,0.000000,0.0,0.0,,500.00,0.00
2025-09-09 12:00:00,BTCUSDT,110880.76,Desconocido,0.000000,hold,0.000000,0.0,0.0,,500.00,0.00
2025-09-09 12:00:00,ETHUSDT,4284.94,Desconocido,0.000000,hold,0.000000,0.0,0.0,,500.00,0.00
2025-09-09 16:00:00,BTCUSDT,111301.53,Desconocido,0.000000,hold,0.000000,0.0,0.0,,500.00,0.00
2025-09-09 16:00:00,ETHUSDT,4295.00,Desconocido,0.000000,hold,0.000000,0.0,0.0,,500.00,0.00
2025-09-09 20:00:00,BTCUSDT,111546.39,Desconocido,0.000000,hold,0.000000,0.0,0.0,,500.00,0.00
2025-09-09 20:00:00,ETHUSDT,4310.09,Desconocido,0.000000,hold,0.000000,0.0,0.0,,500.00,0.00
2025-09-10 00:00:00,BTCUSDT,111545.88,Desconocido,0.000000,hold,0.000000,0.0,0.0,,500.00,0.00
2025-09-10 00:00:00,ETHUSDT,4320.44,Desconocido,0.000000,hold,0.000000,0.0,0.0,,500.00,0.00
2025-09-10 04:00:00,BTCUSDT,112553.65,Desconocido,0.000000,hold,0.000000,0.0,0.0,,500.00,0.00
2025-09-10 04:00:00,ETHUSDT,4329.82,Desconocido,0.000000,hold,0.000000,0.0,0.0,,500.00,0.00
2025-09-10 08:00:00,BTCUSDT,112299.99,Desconocido,0.000000,hold,0.000000,0.0,0.0,,500.00,0.00
2025-09-10 08:00:00,ETHUSDT,4331.31,Desconocido,0.000000,hold,0.000000,0.0,0.0,,500.00,0.00
2025-09-10 12:00:00,BTCUSDT,113853.99,Desconocido,0.000000,hold,0.000000,0.0,0.0,,500.00,0.00
2025-09-10 12:00:00,ETHUSDT,4404.90,Desconocido,0.000000,hold,0.000000,0.0,0.0,,500.00,0.00
2025-09-10 16:00:00,BTCUSDT,113574.52,Desconocido,0.000000,hold,0.000000,0.0,0.0,,500.00,0.00
2025-09-10 16:00:00,ETHUSDT,4322.72,Desconocido,0.000000,hold,0.000000,0.0,0.0,,500.00,0.00
2025-09-10 20:00:00,BTCUSDT,113960.00,Desconocido,0.000000,hold,0.000000,0.0,0.0,,500.00,0.00
2025-09-10 20:00:00,ETHUSDT,4349.32,Desconocido,0.000000,hold,0.000000,0.0,0.0,,500.00,0.00
2025-09-11 00:00:00,BTCUSDT,114400.01,Desconocido,0.000000,hold,0.000000,0.0,0.0,,500.00,0.00
2025-09-11 00:00:00,ETHUSDT,4404.10,Desconocido,0.000000,hold,0.000000,0.0,0.0,,500.00,0.00
2025-09-11 04:00:00,BTCUSDT,114083.58,Desconocido,0.000000,hold,0.000000,0.0,0.0,,500.00,0.00
2025-09-11 04:00:00,ETHUSDT,4440.41,Desconocido,0.000000,hold,0.000000,0.0,0.0,,500.00,0.00
2025-09-11 08:00:00,BTCUSDT,113999.99,Desconocido,0.000000,hold,0.000000,0.0,0.0,,500.00,0.00
2025-09-11 08:00:00,ETHUSDT,4429.80,Desconocido,0.000000,hold,0.000000,0.0,0.0,,500.00,0.00
2025-09-11 12:00:00,BTCUSDT,114180.31,Desconocido,0.000000,hold,0.000000,0.0,0.0,,500.00,0.00
2025-09-11 12:00:00,ETHUSDT,4412.52,Desconocido,0.000000,hold,0.000000,0.0,0.0,,500.00,0.00
2025-09-11 16:00:00,BTCUSDT,114419.99,Desconocido,0.000000,hold,0.000000,0.0,0.0,,500.00,0.00
2025-09-11 16:00:00,ETHUSDT,4423.73,Desconocido,0.000000,hold,0.000000,0.0,0.0,,500.00,0.00
2025-09-11 20:00:00,BTCUSDT,115482.69,Desconocido,0.000000,hold,0.000000,0.0,0.0,,500.00,0.00
2025-09-11 20:00:00,ETHUSDT,4458.82,Desconocido,0.000000,hold,0.000000,0.0,0.0,,500.00,0.00
2025-09-12 00:00:00,BTCUSDT,115194.14,Desconocido,0.000000,hold,0.000000,0.0,0.0,,500.00,0.00
2025-09-12 00:00:00,ETHUSDT,4505.55,Desconocido,0.000000,hold,0.000000,0.0,0.0,,500.00,0.00
2025-09-12 04:00:00,BTCUSDT,115086.70,Desconocido,0.000000,hold,0.000000,0.0,0.0,,500.00,0.00
2025-09-12 04:00:00,ETHUSDT,4525.81,Desconocido,0.000000,hold,0.000000,0.0,0.0,,500.00,0.00
2025-09-12 08:00:00,BTCUSDT,114913.45,Desconocido,0.000000,hold,0.000000,0.0,0.0,,500.00,0.00
2025-09-12 08:00:00,ETHUSDT,4520.76,Desconocido,0.000000,hold,0.000000,0.0,0.0,,500.00,0.00
2025-09-12 12:00:00,BTCUSDT,115121.18,Desconocido,0.000000,hold,0.000000,0.0,0.0,,500.00,0.00
2025-09-12 12:00:00,ETHUSDT,4541.98,Desconocido,0.000000,hold,0.000000,0.0,0.0,,500.00,0.00
2025-09-12 16:00:00,BTCUSDT,116632.51,Desconocido,0.000000,hold,0.000000,0.0,0.0,,500.00,0.00
2025-09-12 16:00:00,ETHUSDT,4657.18,Desconocido,0.000000,hold,0.000000,0.0,0.0,,500.00,0.00
2025-09-12 20:00:00,BTCUSDT,116029.42,Desconocido,0.000000,hold,0.000000,0.0,0.0,,500.00,0.00
2025-09-12 20:00:00,ETHUSDT,4712.16,Desconocido,0.000000,hold,0.000000,0.0,0.0,,500.00,0.00
2025-09-13 00:00:00,BTCUSDT,115957.00,Desconocido,0.000000,hold,0.000000,0.0,0.0,,500.00,0.00
2025-09-13 00:00:00,ETHUSDT,4756.81,Desconocido,0.000000,hold,0.000000,0.0,0.0,,500.00,0.00
2025-09-13 04:00:00,BTCUSDT,115778.71,Desconocido,0.000000,hold,0.000000,0.0,0.0,,500.00,0.00
2025-09-13 04:00:00,ETHUSDT,4711.70,Desconocido,0.000000,hold,0.000000,0.0,0.0,,500.00,0.00
2025-09-13 08:00:00,BTCUSDT,115974.11,Desconocido,0.000000,hold,0.000000,0.0,0.0,,500.00,0.00
2025-09-13 08:00:00,ETHUSDT,4719.53,Desconocido,0.000000,hold,0.000000,0.0,0.0,,500.00,0.00
2025-09-13 12:00:00,BTCUSDT,115768.68,Desconocido,0.000000,hold,0.000000,0.0,0.0,,500.00,0.00
2025-09-13 12:00:00,ETHUSDT,4653.92,Desconocido,0.000000,hold,0.000000,0.0,0.0,,500.00,0.00
2025-09-13 16:00:00,BTCUSDT,115797.12,Desconocido,0.000000,hold,0.000000,0.0,0.0,,500.00,0.00
2025-09-13 16:00:00,ETHUSDT,4638.21,Desconocido,0.000000,hold,0.000000,0.0,0.0,,500.00,0.00
2025-09-13 20:00:00,BTCUSDT,115918.29,Desconocido,0.000000,hold,0.000000,0.0,0.0,,500.00,0.00
2025-09-13 20:00:00,ETHUSDT,4666.53,Desconocido,0.000000,hold,0.000000,0.0,0.0,,500.00,0.00
2025-09-14 00:00:00,BTCUSDT,115679.98,Desconocido,0.000000,hold,0.000000,0.0,0.0,,500.00,0.00
2025-09-14 00:00:00,ETHUSDT,4663.22,Desconocido,0.000000,hold,0.000000,0.0,0.0,,500.00,0.00
2025-09-14 04:00:00,BTCUSDT,115805.39,Desconocido,0.000000,hold,0.000000,0.0,0.0,,500.00,0.00
2025-09-14 04:00:00,ETHUSDT,4650.58,Desconocido,0.000000,hold,0.000000,0.0,0.0,,500.00,0.00
2025-09-14 08:00:00,BTCUSDT,115794.91,Desconocido,0.000000,hold,0.000000,0.0,0.0,,500.00,0.00
2025-09-14 08:00:00,ETHUSDT,4635.00,Desconocido,0.000000,hold,0.000000,0.0,0.0,,500.00,0.00
2025-09-14 12:00:00,BTCUSDT,115224.01,Desconocido,0.000000,hold,0.000000,0.0,0.0,,500.00,0.00
2025-09-14 12:00:00,ETHUSDT,4582.22,Desconocido,0.000000,hold,0.000000,0.0,0.0,,500.00,0.00
2025-09-14 16:00:00,BTCUSDT,115634.99,Desconocido,0.000000,hold,0.000000,0.0,0.0,,500.00,0.00
2025-09-14 16:00:00,ETHUSDT,4615.47,Desconocido,0.000000,hold,0.000000,0.0,0.0,,500.00,0.00
2025-09-14 20:00:00,BTCUSDT,115268.01,Desconocido,0.000000,hold,0.000000,0.0,0.0,,500.00,0.00
2025-09-14 20:00:00,ETHUSDT,4604.49,Desconocido,0.000000,hold,0.000000,0.0,0.0,,500.00,0.00
2025-09-15 00:00:00,BTCUSDT,115445.45,Desconocido,0.000000,hold,0.000000,0.0,0.0,,500.00,0.00
2025-09-15 00:00:00,ETHUSDT,4636.20,Desconocido,0.000000,hold,0.000000,0.0,0.0,,500.00,0.00
2025-09-15 04:00:00,BTCUSDT,115806.62,Desconocido,0.000000,hold,0.000000,0.0,0.0,,500.00,0.00
2025-09-15 04:00:00,ETHUSDT,4597.37,Desconocido,0.000000,hold,0.000000,0.0,0.0,,500.00,0.00
2025-09-15 08:00:00,BTCUSDT,115070.00,Desconocido,0.000000,hold,0.000000,0.0,0.0,,500.00,0.00
2025-09-15 08:00:00,ETHUSDT,4530.65,Desconocido,0.000000,hold,0.000000,0.0,0.0,,500.00,0.00
2025-09-15 12:00:00,BTCUSDT,114842.90,Desconocido,0.000000,hold,0.000000,0.0,0.0,,500.00,0.00
2025-09-15 12:00:00,ETHUSDT,4500.01,Desconocido,0.000000,hold,0.000000,0.0,0.0,,500.00,0.00
2025-09-15 16:00:00,BTCUSDT,115307.78,Desconocido,0.000000,hold,0.000000,0.0,0.0,,500.00,0.00
2025-09-15 16:00:00,ETHUSDT,4493.41,Desconocido,0.000000,hold,0.000000,0.0,0.0,,500.00,0.00
2025-09-15 20:00:00,BTCUSDT,115349.71,Desconocido,0.000000,hold,0.000000,0.0,0.0,,500.00,0.00
2025-09-15 20:00:00,ETHUSDT,4523.74,Desconocido,0.000000,hold,0.000000,0.0,0.0,,500.00,0.00
2025-09-16 00:00:00,BTCUSDT,115307.25,Desconocido,0.000000,hold,0.000000,0.0,0.0,,500.00,0.00
2025-09-16 00:00:00,ETHUSDT,4520.78,Desconocido,0.000000,hold,0.000000,0.0,0.0,,500.00,0.00
2025-09-16 04:00:00,BTCUSDT,115840.00,Desconocido,0.000000,hold,0.000000,0.0,0.0,,500.00,0.00
2025-09-16 04:00:00,ETHUSDT,4512.86,Desconocido,0.000000,hold,0.000000,0.0,0.0,,500.00,0.00
2025-09-16 08:00:00,BTCUSDT,115287.83,Desconocido,0.000000,hold,0.000000,0.0,0.0,,500.00,0.00
2025-09-16 08:00:00,ETHUSDT,4501.26,Desconocido,0.000000,hold,0.000000,0.0,0.0,,500.00,0.00
2025-09-16 12:00:00,BTCUSDT,115905.88,Desconocido,0.000000,hold,0.000000,0.0,0.0,,500.00,0.00
2025-09-16 12:00:00,ETHUSDT,4468.20,Desconocido,0.000000,hold,0.000000,0.0,0.0,,500.00,0.00
2025-09-16 16:00:00,BTCUSDT,116800.12,Desconocido,0.000000,hold,0.000000,0.0,0.0,,500.00,0.00
2025-09-16 16:00:00,ETHUSDT,4491.21,Desconocido,0.000000,hold,0.000000,0.0,0.0,,500.00,0.00
2025-09-16 20:00:00,BTCUSDT,116788.96,Desconocido,0.000000,hold,0.000000,0.0,0.0,,500.00,0.00
2025-09-16 20:00:00,ETHUSDT,4501.29,Desconocido,0.000000,hold,0.000000,0.0,0.0,,500.00,0.00
2025-09-17 00:00:00,BTCUSDT,116372.04,Desconocido,0.000000,hold,0.000000,0.0,0.0,,500.00,0.00
2025-09-17 00:00:00,ETHUSDT,4497.79,Desconocido,0.000000,hold,0.000000,0.0,0.0,,500.00,0.00
2025-09-17 04:00:00,BTCUSDT,117162.48,Desconocido,0.000000,hold,0.000000,0.0,0.0,,500.00,0.00
2025-09-17 04:00:00,ETHUSDT,4544.07,Desconocido,0.000000,hold,0.000000,0.0,0.0,,500.00,0.00
2025-09-17 08:00:00,BTCUSDT,116258.13,Desconocido,0.000000,hold,0.000000,0.0,0.0,,500.00,0.00
2025-09-17 08:00:00,ETHUSDT,4491.64,Desconocido,0.000000,hold,0.000000,0.0,0.0,,500.00,0.00
2025-09-17 12:00:00,BTCUSDT,115875.32,Desconocido,0.000000,hold,0.000000,0.0,0.0,,500.00,0.00
2025-09-17 12:00:00,ETHUSDT,4489.54,Desconocido,0.000000,hold,0.000000,0.0,0.0,,500.00,0.00
2025-09-17 16:00:00,BTCUSDT,115652.02,Desconocido,0.000000,hold,0.000000,0.0,0.0,,500.00,0.00
2025-09-17 16:00:00,ETHUSDT,4517.62,Desconocido,0.000000,hold,0.000000,0.0,0.0,,500.00,0.00
2025-09-17 20:00:00,BTCUSDT,116447.59,Desconocido,0.000000,hold,0.000000,0.0,0.0,,500.00,0.00
2025-09-17 20:00:00,ETHUSDT,4590.53,Desconocido,0.000000,hold,0.000000,0.0,0.0,,500.00,0.00
2025-09-18 00:00:00,BTCUSDT,117581.66,Desconocido,0.000000,hold,0.000000,0.0,0.0,,500.00,0.00
2025-09-18 00:00:00,ETHUSDT,4614.42,Desconocido,0.000000,hold,0.000000,0.0,0.0,,500.00,0.00
2025-09-18 04:00:00,BTCUSDT,117086.01,Desconocido,0.000000,hold,0.000000,0.0,0.0,,500.00,0.00
2025-09-18 04:00:00,ETHUSDT,4574.75,Desconocido,0.000000,hold,0.000000,0.0,0.0,,500.00,0.00
2025-09-18 08:00:00,BTCUSDT,117063.40,Desconocido,0.000000,hold,0.000000,0.0,0.0,,500.00,0.00
2025-09-18 08:00:00,ETHUSDT,4576.12,Desconocido,0.000000,hold,0.000000,0.0,0.0,,500.00,0.00
2025-09-18 12:00:00,BTCUSDT,117583.56,Desconocido,0.000000,hold,0.000000,0.0,0.0,,500.00,0.00
2025-09-18 12:00:00,ETHUSDT,4599.34,Desconocido,0.000000,hold,0.000000,0.0,0.0,,500.00,0.00
2025-09-18 16:00:00,BTCUSDT,117450.21,Desconocido,0.000000,hold,0.000000,0.0,0.0,,500.00,0.00
2025-09-18 16:00:00,ETHUSDT,4588.23,Desconocido,0.000000,hold,0.000000,0.0,0.0,,500.00,0.00
2025-09-18 20:00:00,BTCUSDT,117073.53,Desconocido,0.000000,hold,0.000000,0.0,0.0,,500.00,0.00
2025-09-18 20:00:00,ETHUSDT,4587.66,Desconocido,0.000000,hold,0.000000,0.0,0.0,,500.00,0.00
2025-09-19 00:00:00,BTCUSDT,116977.58,Desconocido,0.000000,hold,0.000000,0.0,0.0,,500.00,0.00
2025-09-19 00:00:00,ETHUSDT,4549.98,Desconocido,0.000000,hold,0.000000,0.0,0.0,,500.00,0.00
2025-09-19 04:00:00,BTCUSDT,116909.97,Desconocido,0.000000,hold,0.000000,0.0,0.0,,500.00,0.00
2025-09-19 04:00:00,ETHUSDT,4539.06,Desconocido,0.000000,hold,0.000000,0.0,0.0,,500.00,0.00
2025-09-19 08:00:00,BTCUSDT,116394.72,Desconocido,0.000000,hold,0.000000,0.0,0.0,,500.00,0.00
2025-09-19 08:00:00,ETHUSDT,4513.80,Desconocido,0.000000,hold,0.000000,0.0,0.0,,500.00,0.00
2025-09-19 12:00:00,BTCUSDT,115884.03,Desconocido,0.000000,hold,0.000000,0.0,0.0,,500.00,0.00
2025-09-19 12:00:00,ETHUSDT,4474.93,Desconocido,0.000000,hold,0.000000,0.0,0.0,,500.00,0.00
2025-09-19 16:00:00,BTCUSDT,115125.12,Desconocido,0.000000,hold,0.000000,0.0,0.0,,500.00,0.00
2025-09-19 16:00:00,ETHUSDT,4440.68,Desconocido,0.000000,hold,0.000000,0.0,0.0,,500.00,0.00
2025-09-19 20:00:00,BTCUSDT,115632.38,Desconocido,0.000000,hold,0.000000,0.0,0.0,,500.00,0.00
2025-09-19 20:00:00,ETHUSDT,4468.59,Desconocido,0.000000,hold,0.000000,0.0,0.0,,500.00,0.00
2025-09-20 00:00:00,BTCUSDT,115445.00,Desconocido,0.000000,hold,0.000000,0.0,0.0,,500.00,0.00
2025-09-20 00:00:00,ETHUSDT,4465.52,Desconocido,0.000000,hold,0.000000,0.0,0.0,,500.00,0.00
2025-09-20 04:00:00,BTCUSDT,115968.56,Desconocido,0.000000,hold,0.000000,0.0,0.0,,500.00,0.00
2025-09-20 04:00:00,ETHUSDT,4483.22,Desconocido,0.000000,hold,0.000000,0.0,0.0,,500.00,0.00
2025-09-20 08:00:00,BTCUSDT,115894.06,Desconocido,0.000000,hold,0.000000,0.0,0.0,,500.00,0.00
2025-09-20 08:00:00,ETHUSDT,4469.96,Desconocido,0.000000,hold,0.000000,0.0,0.0,,500.00,0.00
2025-09-20 12:00:00,BTCUSDT,115986.69,Desconocido,0.000000,hold,0.000000,0.0,0.0,,500.00,0.00
2025-09-20 12:00:00,ETHUSDT,4498.20,Desconocido,0.000000,hold,0.000000,0.0,0.0,,500.00,0.00
2025-09-20 16:00:00,BTCUSDT,115702.00,Desconocido,0.000000,hold,0.000000,0.0,0.0,,500.00,0.00
2025-09-20 16:00:00,ETHUSDT,4480.18,Desconocido,0.000000,hold,0.000000,0.0,0.0,,500.00,0.00
2025-09-20 20:00:00,BTCUSDT,115685.63,Desconocido,0.000000,hold,0.000000,0.0,0.0,,500.00,0.00
2025-09-20 20:00:00,ETHUSDT,4480.42,Desconocido,0.000000,hold,0.000000,0.0,0.0,,500.00,0.00
2025-09-21 00:00:00,BTCUSDT,115669.41,Desconocido,0.000000,hold,0.000000,0.0,0.0,,500.00,0.00
2025-09-21 00:00:00,ETHUSDT,4478.26,Desconocido,0.000000,hold,0.000000,0.0,0.0,,500.00,0.00
2025-09-21 04:00:00,BTCUSDT,115815.97,Desconocido,0.000000,hold,0.000000,0.0,0.0,,500.00,0.00
2025-09-21 04:00:00,ETHUSDT,4477.78,Desconocido,0.000000,hold,0.000000,0.0,0.0,,500.00,0.00
2025-09-21 08:00:00,BTCUSDT,115603.45,Desconocido,0.000000,hold,0.000000,0.0,0.0,,500.00,0.00
2025-09-21 08:00:00,ETHUSDT,4460.57,Desconocido,0.000000,hold,0.000000,0.0,0.0,,500.00,0.00
2025-09-21 12:00:00,BTCUSDT,115531.61,Desconocido,0.000000,hold,0.000000,0.0,0.0,,500.00,0.00
2025-09-21 12:00:00,ETHUSDT,4482.80,Desconocido,0.000000,hold,0.000000,0.0,0.0,,500.00,0.00
2025-09-21 16:00:00,BTCUSDT,115480.05,Desconocido,0.000000,hold,0.000000,0.0,0.0,,500.00,0.00
2025-09-21 16:00:00,ETHUSDT,4494.40,Desconocido,0.000000,hold,0.000000,0.0,0.0,,500.00,0.00
2025-09-21 20:00:00,BTCUSDT,115232.29,Desconocido,0.000000,hold,0.000000,0.0,0.0,,500.00,0.00
2025-09-21 20:00:00,ETHUSDT,4444.97,Desconocido,0.000000,hold,0.000000,0.0,0.0,,500.00,0.00
2025-09-22 00:00:00,BTCUSDT,114649.89,Desconocido,0.000000,hold,0.000000,0.0,0.0,,500.00,0.00
2025-09-22 00:00:00,ETHUSDT,4305.87,Desconocido,0.000000,hold,0.000000,0.0,0.0,,500.00,0.00
2025-09-22 04:00:00,BTCUSDT,112519.99,Desconocido,0.000000,hold,0.000000,0.0,0.0,,500.00,0.00
2025-09-22 04:00:00,ETHUSDT,4193.38,Desconocido,0.000000,hold,0.000000,0.0,0.0,,500.00,0.00
2025-09-22 08:00:00,BTCUSDT,112876.97,Desconocido,0.000000,hold,0.000000,0.0,0.0,,500.00,0.00
2025-09-22 08:00:00,ETHUSDT,4181.62,Desconocido,0.000000,hold,0.000000,0.0,0.0,,500.00,0.00
2025-09-22 12:00:00,BTCUSDT,112815.50,Desconocido,0.000000,hold,0.000000,0.0,0.0,,500.00,0.00
2025-09-22 12:00:00,ETHUSDT,4167.88,Desconocido,0.000000,hold,0.000000,0.0,0.0,,500.00,0.00
2025-09-22 16:00:00,BTCUSDT,112122.90,Desconocido,0.000000,hold,0.000000,0.0,0.0,,500.00,0.00
2025-09-22 16:00:00,ETHUSDT,4134.98,Desconocido,0.000000,hold,0.000000,0.0,0.0,,500.00,0.00
2025-09-22 20:00:00,BTCUSDT,112650.99,Desconocido,0.000000,hold,0.000000,0.0,0.0,,500.00,0.00
2025-09-22 20:00:00,ETHUSDT,4199.08,Desconocido,0.000000,hold,0.000000,0.0,0.0,,500.00,0.00
2025-09-23 00:00:00,BTCUSDT,112339.99,Desconocido,0.000000,hold,0.000000,0.0,0.0,,500.00,0.00
2025-09-23 00:00:00,ETHUSDT,4188.01,Desconocido,0.000000,hold,0.000000,0.0,0.0,,500.00,0.00
2025-09-23 04:00:00,BTCUSDT,113090.13,Desconocido,0.000000,hold,0.000000,0.0,0.0,,500.00,0.00
2025-09-23 04:00:00,ETHUSDT,4205.24,Desconocido,0.000000,hold,0.000000,0.0,0.0,,500.00,0.00
2025-09-23 08:00:00,BTCUSDT,112975.99,Desconocido,0.000000,hold,0.000000,0.0,0.0,,500.00,0.00
2025-09-23 08:00:00,ETHUSDT,4192.08,Desconocido,0.000000,hold,0.000000,0.0,0.0,,500.00,0.00
2025-09-23 12:00:00,BTCUSDT,112882.19,Desconocido,0.000000,hold,0.000000,0.0,0.0,,500.00,0.00
2025-09-23 12:00:00,ETHUSDT,4181.01,Desconocido,0.000000,hold,0.000000,0.0,0.0,,500.00,0.00
2025-09-23 16:00:00,BTCUSDT,111655.29,Desconocido,0.000000,hold,0.000000,0.0,0.0,,500.00,0.00
2025-09-23 16:00:00,ETHUSDT,4153.43,Desconocido,0.000000,hold,0.000000,0.0,0.0,,500.00,0.00
2025-09-23 20:00:00,BTCUSDT,111998.80,Desconocido,0.000000,hold,0.000000,0.0,0.0,,500.00,0.00
2025-09-23 20:00:00,ETHUSDT,4164.26,Desconocido,0.000000,hold,0.000000,0.0,0.0,,500.00,0.00
2025-09-24 00:00:00,BTCUSDT,111683.09,Desconocido,0.000000,hold,0.000000,0.0,0.0,,500.00,0.00
2025-09-24 00:00:00,ETHUSDT,4147.51,Desconocido,0.000000,hold,0.000000,0.0,0.0,,500.00,0.00
2025-09-24 04:00:00,BTCUSDT,112583.54,Desconocido,0.000000,hold,0.000000,0.0,0.0,,500.00,0.00
2025-09-24 04:00:00,ETHUSDT,4175.08,Desconocido,0.000000,hold,0.000000,0.0,0.0,,500.00,0.00
2025-09-24 08:00:00,BTCUSDT,113029.46,Desconocido,0.000000,hold,0.000000,0.0,0.0,,500.00,0.00
2025-09-24 08:00:00,ETHUSDT,4182.08,Desconocido,0.000000,hold,0.000000,0.0,0.0,,500.00,0.00
2025-09-24 12:00:00,BTCUSDT,113346.41,Desconocido,0.000000,hold,0.000000,0.0,0.0,,500.00,0.00
2025-09-24 12:00:00,ETHUSDT,4166.18,Desconocido,0.000000,hold,0.000000,0.0,0.0,,500.00,0.00
2025-09-24 16:00:00,BTCUSDT,113420.01,Desconocido,0.000000,hold,0.000000,0.0,0.0,,500.00,0.00
2025-09-24 16:00:00,ETHUSDT,4161.50,Desconocido,0.000000,hold,0.000000,0.0,0.0,,500.00,0.00
2025-09-24 20:00:00,BTCUSDT,113307.00,Desconocido,0.000000,hold,0.000000,0.0,0.0,,500.00,0.00
2025-09-24 20:00:00,ETHUSDT,4152.81,Desconocido,0.000000,hold,0.000000,0.0,0.0,,500.00,0.00
2025-09-25 00:00:00,BTCUSDT,112546.21,Desconocido,0.000000,hold,0.000000,0.0,0.0,,500.00,0.00
2025-09-25 00:00:00,ETHUSDT,4062.78,Desconocido,0.000000,hold,0.000000,0.0,0.0,,500.00,0.00
2025-09-25 04:00:00,BTCUSDT,111766.72,Desconocido,0.000000,hold,0.000000,0.0,0.0,,500.00,0.00
2025-09-25 04:00:00,ETHUSDT,4009.18,Desconocido,0.000000,hold,0.000000,0.0,0.0,,500.00,0.00
2025-09-25 08:00:00,BTCUSDT,111348.00,Desconocido,0.000000,hold,0.000000,0.0,0.0,,500.00,0.00
2025-09-25 08:00:00,ETHUSDT,4002.51,Desconocido,0.000000,hold,0.000000,0.0,0.0,,500.00,0.00
2025-09-25 12:00:00,BTCUSDT,111580.77,Desconocido,0.000000,hold,0.000000,0.0,0.0,,500.00,0.00
2025-09-25 12:00:00,ETHUSDT,4003.26,Desconocido,0.000000,hold,0.000000,0.0,0.0,,500.00,0.00
2025-09-25 16:00:00,BTCUSDT,109360.00,Desconocido,0.000000,hold,0.000000,0.0,0.0,,500.00,0.00
2025-09-25 16:00:00,ETHUSDT,3911.59,Desconocido,0.000000,hold,0.000000,0.0,0.0,,500.00,0.00
2025-09-25 20:00:00,BTCUSDT,108994.49,Desconocido,0.000000,hold,0.000000,0.0,0.0,,500.00,0.00
2025-09-25 20:00:00,ETHUSDT,3874.36,Desconocido,0.000000,hold,0.000000,0.0,0.0,,500.00,0.00
2025-09-26 00:00:00,BTCUSDT,109580.01,Desconocido,0.000000,hold,0.000000,0.0,0.0,,500.00,0.00
2025-09-26 00:00:00,ETHUSDT,3965.32,Desconocido,0.000000,hold,0.000000,0.0,0.0,,500.00,0.00
2025-09-26 04:00:00,BTCUSDT,109320.02,Desconocido,0.000000,hold,0.000000,0.0,0.0,,500.00,0.00
2025-09-26 04:00:00,ETHUSDT,3938.11,Desconocido,0.000000,hold,0.000000,0.0,0.0,,500.00,0.00
2025-09-26 08:00:00,BTCUSDT,109133.50,Desconocido,0.000000,hold,0.000000,0.0,0.0,,500.00,0.00
2025-09-26 08:00:00,ETHUSDT,3906.00,Desconocido,0.000000,hold,0.000000,0.0,0.0,,500.00,0.00
2025-09-26 12:00:00,BTCUSDT,109027.78,Desconocido,0.000000,hold,0.000000,0.0,0.0,,500.00,0.00
2025-09-26 12:00:00,ETHUSDT,3946.00,Desconocido,0.000000,hold,0.000000,0.0,0.0,,500.00,0.00
2025-09-26 16:00:00,BTCUSDT,109172.20,Desconocido,0.000000,hold,0.000000,0.0,0.0,,500.00,0.00
2025-09-26 16:00:00,ETHUSDT,4024.07,Desconocido,0.000000,hold,0.000000,0.0,0.0,,500.00,0.00
2025-09-26 20:00:00,BTCUSDT,109643.46,Desconocido,0.000000,hold,0.000000,0.0,0.0,,500.00,0.00
2025-09-26 20:00:00,ETHUSDT,4032.24,Desconocido,0.000000,hold,0.000000,0.0,0.0,,500.00,0.00
2025-09-27 00:00:00,BTCUSDT,109553.77,Desconocido,0.000000,hold,0.000000,0.0,0.0,,500.00,0.00
2025-09-27 00:00:00,ETHUSDT,4019.41,Desconocido,0.000000,hold,0.000000,0.0,0.0,,500.00,0.00
2025-09-27 04:00:00,BTCUSDT,109411.20,Desconocido,0.000000,hold,0.000000,0.0,0.0,,500.00,0.00
2025-09-27 04:00:00,ETHUSDT,4007.93,Desconocido,0.000000,hold,0.000000,0.0,0.0,,500.00,0.00
2025-09-27 08:00:00,BTCUSDT,109310.21,Desconocido,0.000000,hold,0.000000,0.0,0.0,,500.00,0.00
2025-09-27 08:00:00,ETHUSDT,4002.16,Desconocido,0.000000,hold,0.000000,0.0,0.0,,500.00,0.00
2025-09-27 12:00:00,BTCUSDT,109402.24,Desconocido,0.000000,hold,0.000000,0.0,0.0,,500.00,0.00
2025-09-27 12:00:00,ETHUSDT,4018.92,Desconocido,0.000000,hold,0.000000,0.0,0.0,,500.00,0.00
2025-09-27 16:00:00,BTCUSDT,109424.20,Desconocido,0.000000,hold,0.000000,0.0,0.0,,500.00,0.00
2025-09-27 16:00:00,ETHUSDT,4002.45,Desconocido,0.000000,hold,0.000000,0.0,0.0,,500.00,0.00
2025-09-27 20:00:00,BTCUSDT,109635.85,Desconocido,0.000000,hold,0.000000,0.0,0.0,,500.00,0.00
2025-09-27 20:00:00,ETHUSDT,4018.38,Desconocido,0.000000,hold,0.000000,0.0,0.0,,500.00,0.00
2025-09-28 00:00:00,BTCUSDT,109436.00,Desconocido,0.000000,hold,0.000000,0.0,0.0,,500.00,0.00
2025-09-28 00:00:00,ETHUSDT,4002.74,Desconocido,0.000000,hold,0.000000,0.0,0.0,,500.00,0.00
2025-09-28 04:00:00,BTCUSDT,109513.06,Desconocido,0.000000,hold,0.000000,0.0,0.0,,500.00,0.00
2025-09-28 04:00:00,ETHUSDT,4014.32,Desconocido,0.000000,hold,0.000000,0.0,0.0,,500.00,0.00
2025-09-28 08:00:00,BTCUSDT,109369.02,Desconocido,0.000000,hold,0.000000,0.0,0.0,,500.00,0.00
2025-09-28 08:00:00,ETHUSDT,3992.39,Desconocido,0.000000,hold,0.000000,0.0,0.0,,500.00,0.00
2025-09-28 12:00:00,BTCUSDT,110037.93,Desconocido,0.000000,hold,0.000000,0.0,0.0,,500.00,0.00
2025-09-28 12:00:00,ETHUSDT,4021.69,Desconocido,0.000000,hold,0.000000,0.0,0.0,,500.00,0.00
2025-09-28 16:00:00,BTCUSDT,110337.60,Desconocido,0.000000,hold,0.000000,0.0,0.0,,500.00,0.00
2025-09-28 16:00:00,ETHUSDT,4039.45,Desconocido,0.000000,hold,0.000000,0.0,0.0,,500.00,0.00
2025-09-28 20:00:00,BTCUSDT,112163.95,Desconocido,0.000000,hold,0.000000,0.0,0.0,,500.00,0.00
2025-09-28 20:00:00,ETHUSDT,4142.16,Desconocido,0.000000,hold,0.000000,0.0,0.0,,500.00,0.00
2025-09-29 00:00:00,BTCUSDT,111857.51,Desconocido,0.000000,hold,0.000000,0.0,0.0,,500.00,0.00
2025-09-29 00:00:00,ETHUSDT,4121.80,Desconocido,0.000000,hold,0.000000,0.0,0.0,,500.00,0.00
2025-09-29 04:00:00,BTCUSDT,111865.95,Desconocido,0.000000,hold,0.000000,0.0,0.0,,500.00,0.00
2025-09-29 04:00:00,ETHUSDT,4108.25,Desconocido,0.000000,hold,0.000000,0.0,0.0,,500.00,0.00
2025-09-29 08:00:00,BTCUSDT,112100.00,Desconocido,0.000000,hold,0.000000,0.0,0.0,,500.00,0.00
2025-09-29 08:00:00,ETHUSDT,4103.21,Desconocido,0.000000,hold,0.000000,0.0,0.0,,500.00,0.00
2025-09-29 12:00:00,BTCUSDT,113815.57,Desconocido,0.000000,hold,0.000000,0.0,0.0,,500.00,0.00
2025-09-29 12:00:00,ETHUSDT,4164.80,Desconocido,0.000000,hold,0.000000,0.0,0.0,,500.00,0.00
2025-09-29 16:00:00,BTCUSDT,114265.55,Desconocido,0.000000,hold,0.000000,0.0,0.0,,500.00,0.00
2025-09-29 16:00:00,ETHUSDT,4188.32,Desconocido,0.000000,hold,0.000000,0.0,0.0,,500.00,0.00
2025-09-29 20:00:00,BTCUSDT,114311.96,Desconocido,0.000000,hold,0.000000,0.0,0.0,,500.00,0.00
2025-09-29 20:00:00,ETHUSDT,4215.07,Desconocido,0.000000,hold,0.000000,0.0,0.0,,500.00,0.00
2025-09-30 00:00:00,BTCUSDT,114376.39,Desconocido,0.000000,hold,0.000000,0.0,0.0,,500.00,0.00
2025-09-30 00:00:00,ETHUSDT,4198.68,Desconocido,0.000000,hold,0.000000,0.0,0.0,,500.00,0.00
2025-09-30 04:00:00,BTCUSDT,113699.23,Desconocido,0.000000,hold,0.000000,0.0,0.0,,500.00,0.00
2025-09-30 04:00:00,ETHUSDT,4182.13,Desconocido,0.000000,hold,0.000000,0.0,0.0,,500.00,0.00
2025-09-30 08:00:00,BTCUSDT,113055.01,Desconocido,0.000000,hold,0.000000,0.0,0.0,,500.00,0.00
2025-09-30 08:00:00,ETHUSDT,4165.39,Desconocido,0.000000,hold,0.000000,0.0,0.0,,500.00,0.00
2025-09-30 12:00:00,BTCUSDT,113106.16,Desconocido,0.000000,hold,0.000000,0.0,0.0,,500.00,0.00
2025-09-30 12:00:00,ETHUSDT,4119.87,Desconocido,0.000000,hold,0.000000,0.0,0.0,,500.00,0.00
2025-09-30 16:00:00,BTCUSDT,114359.99,Desconocido,0.000000,hold,0.000000,0.0,0.0,,500.00,0.00
2025-09-30 16:00:00,ETHUSDT,4160.10,Desconocido,0.000000,hold,0.000000,0.0,0.0,,500.00,0.00
2025-09-30 20:00:00,BTCUSDT,114048.93,Desconocido,0.000000,hold,0.000000,0.0,0.0,,500.00,0.00
2025-09-30 20:00:00,ETHUSDT,4145.15,Desconocido,0.000000,hold,0.000000,0.0,0.0,,500.00,0.00
2025-10-01 00:00:00,BTCUSDT,114176.92,Desconocido,0.000000,hold,0.000000,0.0,0.0,,500.00,0.00
2025-10-01 00:00:00,ETHUSDT,4128.66,Desconocido,0.000000,hold,0.000000,0.0,0.0,,500.00,0.00
2025-10-01 04:00:00,BTCUSDT,114539.02,Desconocido,0.000000,hold,0.000000,0.0,0.0,,500.00,0.00
2025-10-01 04:00:00,ETHUSDT,4145.80,Desconocido,0.000000,hold,0.000000,0.0,0.0,,500.00,0.00
2025-10-01 08:00:00,BTCUSDT,116789.58,Desconocido,0.000000,hold,0.000000,0.0,0.0,,500.00,0.00
2025-10-01 08:00:00,ETHUSDT,4298.20,Desconocido,0.000000,hold,0.000000,0.0,0.0,,500.00,0.00
2025-10-01 12:00:00,BTCUSDT,117423.73,Desconocido,0.000000,hold,0.000000,0.0,0.0,,500.00,0.00
2025-10-01 12:00:00,ETHUSDT,4327.23,Desconocido,0.000000,hold,0.000000,0.0,0.0,,500.00,0.00
2025-10-01 16:00:00,BTCUSDT,117439.53,Desconocido,0.000000,hold,0.000000,0.0,0.0,,500.00,0.00
2025-10-01 16:00:00,ETHUSDT,4334.53,Desconocido,0.000000,hold,0.000000,0.0,0.0,,500.00,0.00
2025-10-01 20:00:00,BTCUSDT,118594.99,Desconocido,0.000000,hold,0.000000,0.0,0.0,,500.00,0.00
2025-10-01 20:00:00,ETHUSDT,4348.03,Desconocido,0.000000,hold,0.000000,0.0,0.0,,500.00,0.00
2025-10-02 00:00:00,BTCUSDT,118733.99,Desconocido,0.000000,hold,0.000000,0.0,0.0,,500.00,0.00
2025-10-02 00:00:00,ETHUSDT,4376.30,Desconocido,0.000000,hold,0.000000,0.0,0.0,,500.00,0.00
2025-10-02 04:00:00,BTCUSDT,118489.76,Desconocido,0.000000,hold,0.000000,0.0,0.0,,500.00,0.00
2025-10-02 04:00:00,ETHUSDT,4375.78,Desconocido,0.000000,hold,0.000000,0.0,0.0,,500.00,0.00
2025-10-02 08:00:00,BTCUSDT,118765.73,Desconocido,0.000000,hold,0.000000,0.0,0.0,,500.00,0.00
2025-10-02 08:00:00,ETHUSDT,4378.93,Desconocido,0.000000,hold,0.000000,0.0,0.0,,500.00,0.00
2025-10-02 12:00:00,BTCUSDT,119910.78,Desconocido,0.000000,hold,0.000000,0.0,0.0,,500.00,0.00
2025-10-02 12:00:00,ETHUSDT,4437.09,Desconocido,0.000000,hold,0.000000,0.0,0.0,,500.00,0.00
2025-10-02 16:00:00,BTCUSDT,120836.49,Desconocido,0.000000,hold,0.000000,0.0,0.0,,500.00,0.00
2025-10-02 16:00:00,ETHUSDT,4495.61,Desconocido,0.000000,hold,0.000000,0.0,0.0,,500.00,0.00
2025-10-02 20:00:00,BTCUSDT,120529.35,Desconocido,0.000000,hold,0.000000,0.0,0.0,,500.00,0.00
2025-10-02 20:00:00,ETHUSDT,4484.35,Desconocido,0.000000,hold,0.000000,0.0,0.0,,500.00,0.00
2025-10-03 00:00:00,BTCUSDT,120225.89,Desconocido,0.000000,hold,0.000000,0.0,0.0,,500.00,0.00
2025-10-03 00:00:00,ETHUSDT,4500.59,Desconocido,0.000000,hold,0.000000,0.0,0.0,,500.00,0.00
2025-10-03 04:00:00,BTCUSDT,119640.21,Desconocido,0.000000,hold,0.000000,0.0,0.0,,500.00,0.00
2025-10-03 04:00:00,ETHUSDT,4462.33,Desconocido,0.000000,hold,0.000000,0.0,0.0,,500.00,0.00
2025-10-03 08:00:00,BTCUSDT,120334.50,Desconocido,0.000000,hold,0.000000,0.0,0.0,,500.00,0.00
2025-10-03 08:00:00,ETHUSDT,4478.45,Desconocido,0.000000,hold,0.000000,0.0,0.0,,500.00,0.00
2025-10-03 12:00:00,BTCUSDT,122258.05,Desconocido,0.000000,hold,0.000000,0.0,0.0,,500.00,0.00
2025-10-03 12:00:00,ETHUSDT,4534.75,Desconocido,0.000000,hold,0.000000,0.0,0.0,,500.00,0.00
2025-10-03 16:00:00,BTCUSDT,122660.99,Desconocido,0.000000,hold,0.000000,0.0,0.0,,500.00,0.00
2025-10-03 16:00:00,ETHUSDT,4519.48,Desconocido,0.000000,hold,0.000000,0.0,0.0,,500.00,0.00
2025-10-03 20:00:00,BTCUSDT,122232.00,Desconocido,0.000000,hold,0.000000,0.0,0.0,,500.00,0.00
2025-10-03 20:00:00,ETHUSDT,4512.87,Desconocido,0.000000,hold,0.000000,0.0,0.0,,500.00,0.00
2025-10-04 00:00:00,BTCUSDT,122243.99,Desconocido,0.000000,hold,0.000000,0.0,0.0,,500.00,0.00
2025-10-04 00:00:00,ETHUSDT,4487.06,Desconocido,0.000000,hold,0.000000,0.0,0.0,,500.00,0.00
2025-10-04 04:00:00,BTCUSDT,122324.08,Desconocido,0.000000,hold,0.000000,0.0,0.0,,500.00,0.00
2025-10-04 04:00:00,ETHUSDT,4498.29,Desconocido,0.000000,hold,0.000000,0.0,0.0,,500.00,0.00
2025-10-04 08:00:00,BTCUSDT,121973.26,Desconocido,0.000000,hold,0.000000,0.0,0.0,,500.00,0.00
2025-10-04 08:00:00,ETHUSDT,4483.83,Desconocido,0.000000,hold,0.000000,0.0,0.0,,500.00,0.00
2025-10-04 12:00:00,BTCUSDT,121791.31,Desconocido,0.000000,hold,0.000000,0.0,0.0,,500.00,0.00
2025-10-04 12:00:00,ETHUSDT,4455.05,Desconocido,0.000000,hold,0.000000,0.0,0.0,,500.00,0.00
2025-10-04 16:00:00,BTCUSDT,121959.25,Desconocido,0.000000,hold,0.000000,0.0,0.0,,500.00,0.00
2025-10-04 16:00:00,ETHUSDT,4467.12,Desconocido,0.000000,hold,0.000000,0.0,0.0,,500.00,0.00
2025-10-04 20:00:00,BTCUSDT,122391.00,Desconocido,0.000000,hold,0.000000,0.0,0.0,,500.00,0.00
2025-10-04 20:00:00,ETHUSDT,4487.15,Desconocido,0.000000,hold,0.000000,0.0,0.0,,500.00,0.00
2025-10-05 00:00:00,BTCUSDT,123776.22,Desconocido,0.000000,hold,0.000000,0.0,0.0,,500.00,0.00
2025-10-05 00:00:00,ETHUSDT,4531.54,Desconocido,0.000000,hold,0.000000,0.0,0.0,,500.00,0.00
2025-10-05 04:00:00,BTCUSDT,124713.63,Desconocido,0.000000,hold,0.000000,0.0,0.0,,500.00,0.00
2025-10-05 04:00:00,ETHUSDT,4605.97,Desconocido,0.000000,hold,0.000000,0.0,0.0,,500.00,0.00
2025-10-05 08:00:00,BTCUSDT,123464.64,Desconocido,0.000000,hold,0.000000,0.0,0.0,,500.00,0.00
2025-10-05 08:00:00,ETHUSDT,4551.06,Desconocido,0.000000,hold,0.000000,0.0,0.0,,500.00,0.00
2025-10-05 12:00:00,BTCUSDT,122803.17,Desconocido,0.000000,hold,0.000000,0.0,0.0,,500.00,0.00
2025-10-05 12:00:00,ETHUSDT,4532.00,Desconocido,0.000000,hold,0.000000,0.0,0.0,,500.00,0.00
2025-10-05 16:00:00,BTCUSDT,122591.79,Desconocido,0.000000,hold,0.000000,0.0,0.0,,500.00,0.00
2025-10-05 16:00:00,ETHUSDT,4487.26,Desconocido,0.000000,hold,0.000000,0.0,0.0,,500.00,0.00
2025-10-05 20:00:00,BTCUSDT,123482.31,Desconocido,0.000000,hold,0.000000,0.0,0.0,,500.00,0.00
2025-10-05 20:00:00,ETHUSDT,4514.32,Desconocido,0.000000,hold,0.000000,0.0,0.0,,500.00,0.00
2025-10-06 00:00:00,BTCUSDT,123839.09,Desconocido,0.000000,hold,0.000000,0.0,0.0,,500.00,0.00
2025-10-06 00:00:00,ETHUSDT,4537.08,Desconocido,0.000000,hold,0.000000,0.0,0.0,,500.00,0.00
2025-10-06 04:00:00,BTCUSDT,123390.47,Desconocido,0.000000,hold,0.000000,0.0,0.0,,500.00,0.00
2025-10-06 04:00:00,ETHUSDT,4533.19,Desconocido,0.000000,hold,0.000000,0.0,0.0,,500.00,0.00
2025-10-06 08:00:00,BTCUSDT,124215.00,Desconocido,0.000000,hold,0.000000,0.0,0.0,,500.00,0.00
2025-10-06 08:00:00,ETHUSDT,4571.71,Desconocido,0.000000,hold,0.000000,0.0,0.0,,500.00,0.00
2025-10-06 12:00:00,BTCUSDT,125000.00,Desconocido,0.000000,hold,0.000000,0.0,0.0,,500.00,0.00
2025-10-06 12:00:00,ETHUSDT,4673.39,Desconocido,0.000000,hold,0.000000,0.0,0.0,,500.00,0.00
2025-10-06 16:00:00,BTCUSDT,125410.81,Desconocido,0.000000,hold,0.000000,0.0,0.0,,500.00,0.00
2025-10-06 16:00:00,ETHUSDT,4722.62,Desconocido,0.000000,hold,0.000000,0.0,0.0,,500.00,0.00
2025-10-06 20:00:00,BTCUSDT,124658.54,Desconocido,0.000000,hold,0.000000,0.0,0.0,,500.00,0.00
2025-10-06 20:00:00,ETHUSDT,4684.01,Desconocido,0.000000,hold,0.000000,0.0,0.0,,500.00,0.00
2025-10-07 00:00:00,BTCUSDT,124329.74,Desconocido,0.000000,hold,0.000000,0.0,0.0,,500.00,0.00
2025-10-07 00:00:00,ETHUSDT,4690.59,Desconocido,0.000000,hold,0.000000,0.0,0.0,,500.00,0.00
2025-10-07 04:00:00,BTCUSDT,123667.99,Desconocido,0.000000,hold,0.000000,0.0,0.0,,500.00,0.00
2025-10-07 04:00:00,ETHUSDT,4678.19,Desconocido,0.000000,hold,0.000000,0.0,0.0,,500.00,0.00
2025-10-07 08:00:00,BTCUSDT,124453.38,Desconocido,0.000000,hold,0.000000,0.0,0.0,,500.00,0.00
2025-10-07 08:00:00,ETHUSDT,4708.81,Desconocido,0.000000,hold,0.000000,0.0,0.0,,500.00,0.00
2025-10-07 12:00:00,BTCUSDT,121846.01,Desconocido,0.000000,hold,0.000000,0.0,0.0,,500.00,0.00
2025-10-07 12:00:00,ETHUSDT,4511.99,Desconocido,0.000000,hold,0.000000,0.0,0.0,,500.00,0.00
2025-10-07 16:00:00,BTCUSDT,121637.17,Desconocido,0.000000,hold,0.000000,0.0,0.0,,500.00,0.00
2025-10-07 16:00:00,ETHUSDT,4479.44,Desconocido,0.000000,hold,0.000000,0.0,0.0,,500.00,0.00
2025-10-07 20:00:00,BTCUSDT,121332.95,Desconocido,0.000000,hold,0.000000,0.0,0.0,,500.00,0.00
2025-10-07 20:00:00,ETHUSDT,4447.70,Desconocido,0.000000,hold,0.000000,0.0,0.0,,500.00,0.00
2025-10-08 00:00:00,BTCUSDT,121374.75,Desconocido,0.000000,hold,0.000000,0.0,0.0,,500.00,0.00
2025-10-08 00:00:00,ETHUSDT,4443.60,Desconocido,0.000000,hold,0.000000,0.0,0.0,,500.00,0.00
2025-10-08 04:00:00,BTCUSDT,121597.06,Desconocido,0.000000,hold,0.000000,0.0,0.0,,500.00,0.00
2025-10-08 04:00:00,ETHUSDT,4463.48,Desconocido,0.000000,hold,0.000000,0.0,0.0,,500.00,0.00
2025-10-08 08:00:00,BTCUSDT,122884.14,Desconocido,0.000000,hold,0.000000,0.0,0.0,,500.00,0.00
2025-10-08 08:00:00,ETHUSDT,4487.30,Desconocido,0.000000,hold,0.000000,0.0,0.0,,500.00,0.00
2025-10-08 12:00:00,BTCUSDT,122189.72,Desconocido,0.000000,hold,0.000000,0.0,0.0,,500.00,0.00
2025-10-08 12:00:00,ETHUSDT,4447.14,Desconocido,0.000000,hold,0.000000,0.0,0.0,,500.00,0.00
2025-10-08 16:00:00,BTCUSDT,123450.00,Desconocido,0.000000,hold,0.000000,0.0,0.0,,500.00,0.00
2025-10-08 16:00:00,ETHUSDT,4515.27,Desconocido,0.000000,hold,0.000000,0.0,0.0,,500.00,0.00
2025-10-08 20:00:00,BTCUSDT,123306.00,Desconocido,0.000000,hold,0.000000,0.0,0.0,,500.00,0.00
2025-10-08 20:00:00,ETHUSDT,4525.72,Desconocido,0.000000,hold,0.000000,0.0,0.0,,500.00,0.00
2025-10-09 00:00:00,BTCUSDT,122038.01,Desconocido,0.000000,hold,0.000000,0.0,0.0,,500.00,0.00
2025-10-09 00:00:00,ETHUSDT,4450.80,Desconocido,0.000000,hold,0.000000,0.0,0.0,,500.00,0.00
2025-10-09 04:00:00,BTCUSDT,121906.10,Desconocido,0.000000,hold,0.000000,0.0,0.0,,500.00,0.00
2025-10-09 04:00:00,ETHUSDT,4426.60,Desconocido,0.000000,hold,0.000000,0.0,0.0,,500.00,0.00
2025-10-09 08:00:00,BTCUSDT,122737.57,Desconocido,0.000000,hold,0.000000,0.0,0.0,,500.00,0.00
2025-10-09 08:00:00,ETHUSDT,4373.05,Desconocido,0.000000,hold,0.000000,0.0,0.0,,500.00,0.00
2025-10-09 12:00:00,BTCUSDT,121147.14,Desconocido,0.000000,hold,0.000000,0.0,0.0,,500.00,0.00
2025-10-09 12:00:00,ETHUSDT,4314.79,Desconocido,0.000000,hold,0.000000,0.0,0.0,,500.00,0.00
2025-10-09 16:00:00,BTCUSDT,120951.72,Desconocido,0.000000,hold,0.000000,0.0,0.0,,500.00,0.00
2025-10-09 16:00:00,ETHUSDT,4338.00,Desconocido,0.000000,hold,0.000000,0.0,0.0,,500.00,0.00
2025-10-09 20:00:00,BTCUSDT,121662.40,Desconocido,0.000000,hold,0.000000,0.0,0.0,,500.00,0.00
2025-10-09 20:00:00,ETHUSDT,4368.09,Desconocido,0.000000,hold,0.000000,0.0,0.0,,500.00,0.00
2025-10-10 00:00:00,BTCUSDT,121026.01,Desconocido,0.000000,hold,0.000000,0.0,0.0,,500.00,0.00
2025-10-10 00:00:00,ETHUSDT,4347.13,Desconocido,0.000000,hold,0.000000,0.0,0.0,,500.00,0.00
2025-10-10 04:00:00,BTCUSDT,120932.05,Desconocido,0.000000,hold,0.000000,0.0,0.0,,500.00,0.00
2025-10-10 04:00:00,ETHUSDT,4323.39,Desconocido,0.000000,hold,0.000000,0.0,0.0,,500.00,0.00
2025-10-10 08:00:00,BTCUSDT,121554.55,Desconocido,0.000000,hold,0.000000,0.0,0.0,,500.00,0.00
2025-10-10 08:00:00,ETHUSDT,4343.02,Desconocido,0.000000,hold,0.000000,0.0,0.0,,500.00,0.00
2025-10-10 12:00:00,BTCUSDT,119018.98,Desconocido,0.000000,hold,0.000000,0.0,0.0,,500.00,0.00
2025-10-10 12:00:00,ETHUSDT,4103.11,Desconocido,0.000000,hold,0.000000,0.0,0.0,,500.00,0.00
2025-10-10 16:00:00,BTCUSDT,116661.50,Desconocido,0.000000,hold,0.000000,0.0,0.0,,500.00,0.00
2025-10-10 16:00:00,ETHUSDT,3997.56,Desconocido,0.000000,hold,0.000000,0.0,0.0,,500.00,0.00
2025-10-10 20:00:00,BTCUSDT,112774.50,Desconocido,0.000000,hold,0.000000,0.0,0.0,,500.00,0.00
2025-10-10 20:00:00,ETHUSDT,3829.72,Desconocido,0.000000,hold,0.000000,0.0,0.0,,500.00,0.00
2025-10-11 00:00:00,BTCUSDT,112300.01,Desconocido,0.000000,hold,0.000000,0.0,0.0,,500.00,0.00
2025-10-11 00:00:00,ETHUSDT,3792.26,Desconocido,0.000000,hold,0.000000,0.0,0.0,,500.00,0.00
2025-10-11 04:00:00,BTCUSDT,110384.61,Desconocido,0.000000,hold,0.000000,0.0,0.0,,500.00,0.00
2025-10-11 04:00:00,ETHUSDT,3758.81,Desconocido,0.000000,hold,0.000000,0.0,0.0,,500.00,0.00
2025-10-11 08:00:00,BTCUSDT,112280.00,Desconocido,0.000000,hold,0.000000,0.0,0.0,,500.00,0.00
2025-10-11 08:00:00,ETHUSDT,3839.99,Desconocido,0.000000,hold,0.000000,0.0,0.0,,500.00,0.00
2025-10-11 12:00:00,BTCUSDT,111793.20,Desconocido,0.000000,hold,0.000000,0.0,0.0,,500.00,0.00
2025-10-11 12:00:00,ETHUSDT,3825.13,Desconocido,0.000000,hold,0.000000,0.0,0.0,,500.00,0.00
2025-10-11 16:00:00,BTCUSDT,111178.31,Desconocido,0.000000,hold,0.000000,0.0,0.0,,500.00,0.00
2025-10-11 16:00:00,ETHUSDT,3760.61,Desconocido,0.000000,hold,0.000000,0.0,0.0,,500.00,0.00
2025-10-11 20:00:00,BTCUSDT,110644.40,Desconocido,0.000000,hold,0.000000,0.0,0.0,,500.00,0.00
2025-10-11 20:00:00,ETHUSDT,3746.79,Desconocido,0.000000,hold,0.000000,0.0,0.0,,500.00,0.00
2025-10-12 00:00:00,BTCUSDT,110676.00,Desconocido,0.000000,hold,0.000000,0.0,0.0,,500.00,0.00
2025-10-12 00:00:00,ETHUSDT,3781.61,Desconocido,0.000000,hold,0.000000,0.0,0.0,,500.00,0.00
2025-10-12 04:00:00,BTCUSDT,111525.20,Desconocido,0.000000,hold,0.000000,0.0,0.0,,500.00,0.00
2025-10-12 04:00:00,ETHUSDT,3827.99,Desconocido,0.000000,hold,0.000000,0.0,0.0,,500.00,0.00
2025-10-12 08:00:00,BTCUSDT,111848.36,Desconocido,0.000000,hold,0.000000,0.0,0.0,,500.00,0.00
2025-10-12 08:00:00,ETHUSDT,3820.36,Desconocido,0.000000,hold,0.000000,0.0,0.0,,500.00,0.00
2025-10-12 12:00:00,BTCUSDT,113198.20,Desconocido,0.000000,hold,0.000000,0.0,0.0,,500.00,0.00
2025-10-12 12:00:00,ETHUSDT,4034.59,Desconocido,0.000000,hold,0.000000,0.0,0.0,,500.00,0.00
2025-10-12 16:00:00,BTCUSDT,114342.28,Desconocido,0.000000,hold,0.000000,0.0,0.0,,500.00,0.00
2025-10-12 16:00:00,ETHUSDT,4135.68,Desconocido,0.000000,hold,0.000000,0.0,0.0,,500.00,0.00
2025-10-12 20:00:00,BTCUSDT,114958.80,Desconocido,0.000000,hold,0.000000,0.0,0.0,,500.00,0.00
2025-10-12 20:00:00,ETHUSDT,4152.29,Desconocido,0.000000,hold,0.000000,0.0,0.0,,500.00,0.00
2025-10-13 00:00:00,BTCUSDT,114821.12,Desconocido,0.000000,hold,0.000000,0.0,0.0,,500.00,0.00
2025-10-13 00:00:00,ETHUSDT,4139.78,Desconocido,0.000000,hold,0.000000,0.0,0.0,,500.00,0.00
2025-10-13 04:00:00,BTCUSDT,115399.67,Desconocido,0.000000,hold,0.000000,0.0,0.0,,500.00,0.00
2025-10-13 04:00:00,ETHUSDT,4178.30,Desconocido,0.000000,hold,0.000000,0.0,0.0,,500.00,0.00
2025-10-13 08:00:00,BTCUSDT,114180.00,Desconocido,0.000000,hold,0.000000,0.0,0.0,,500.00,0.00
2025-10-13 08:00:00,ETHUSDT,4080.39,Desconocido,0.000000,hold,0.000000,0.0,0.0,,500.00,0.00
2025-10-13 12:00:00,BTCUSDT,114312.10,Desconocido,0.000000,hold,0.000000,0.0,0.0,,500.00,0.00
2025-10-13 12:00:00,ETHUSDT,4135.00,Desconocido,0.000000,hold,0.000000,0.0,0.0,,500.00,0.00
2025-10-13 16:00:00,BTCUSDT,115792.84,Desconocido,0.000000,hold,0.000000,0.0,0.0,,500.00,0.00
2025-10-13 16:00:00,ETHUSDT,4251.96,Desconocido,0.000000,hold,0.000000,0.0,0.0,,500.00,0.00
2025-10-13 20:00:00,BTCUSDT,115166.00,Desconocido,0.000000,hold,0.000000,0.0,0.0,,500.00,0.00
2025-10-13 20:00:00,ETHUSDT,4240.85,Desconocido,0.000000,hold,0.000000,0.0,0.0,,500.00,0.00
2025-10-14 00:00:00,BTCUSDT,113598.94,Desconocido,0.000000,hold,0.000000,0.0,0.0,,500.00,0.00
2025-10-14 00:00:00,ETHUSDT,4162.76,Desconocido,0.000000,hold,0.000000,0.0,0.0,,500.00,0.00
