timestamp,btc_price,btc_signal,btc_confidence,btc_quality,eth_price,eth_signal,eth_confidence,eth_quality,portfolio_value,total_pnl,return_pct,total_trades,fees_paid
2025-07-27 00:00:00,118182.83,0.0,0.0,0.0,3774.03,0.0,0.0,0.0,500,0,0.0,0,0.0
2025-07-27 04:00:00,118095.95,0.0,0.0,0.0,3768.01,0.0,0.0,0.0,500,0,0.0,0,0.0
2025-07-27 08:00:00,118072.71,0.0,0.0,0.0,3815.26,0.0,0.0,0.0,500,0,0.0,0,0.0
2025-07-27 12:00:00,118585.74,0.0,0.0,0.0,3818.53,0.0,0.0,0.0,500,0,0.0,0,0.0
2025-07-27 16:00:00,118960.0,0.0,0.0,0.0,3828.32,0.0,0.0,0.0,500,0,0.0,0,0.0
2025-07-27 20:00:00,119415.55,0.0,0.0,0.0,3872.1,0.0,0.0,0.0,500,0,0.0,0,0.0
2025-07-28 00:00:00,119287.99,0.0,0.0,0.0,3879.81,0.0,0.0,0.0,500,0,0.0,0,0.0
2025-07-28 04:00:00,118900.0,0.0,0.0,0.0,3893.0,0.0,0.0,0.0,500,0,0.0,0,0.0
2025-07-28 08:00:00,118827.49,0.0,0.0,0.0,3879.79,0.0,0.0,0.0,500,0,0.0,0,0.0
2025-07-28 12:00:00,118174.9,0.0,0.0,0.0,3808.11,0.0,0.0,0.0,500,0,0.0,0,0.0
2025-07-28 16:00:00,118068.73,0.0,0.0,0.0,3797.36,0.0,0.0,0.0,500,0,0.0,0,0.0
2025-07-28 20:00:00,118062.32,0.0,0.0,0.0,3799.0,0.0,0.0,0.0,500,0,0.0,0,0.0
2025-07-29 00:00:00,118764.85,0.0,0.0,0.0,3791.9,0.0,0.0,0.0,500,0,0.0,0,0.0
2025-07-29 04:00:00,118882.37,0.0,0.0,0.0,3877.36,0.0,0.0,0.0,500,0,0.0,0,0.0
2025-07-29 08:00:00,118592.38,0.0,0.0,0.0,3825.9,0.0,0.0,0.0,500,0,0.0,0,0.0
2025-07-29 12:00:00,117400.01,0.0,0.0,0.0,3761.57,0.0,0.0,0.0,500,0,0.0,0,0.0
2025-07-29 16:00:00,117525.29,0.0,0.0,0.0,3765.89,0.0,0.0,0.0,500,0,0.0,0,0.0
2025-07-29 20:00:00,117950.76,0.0,0.0,0.0,3793.79,0.0,0.0,0.0,500,0,0.0,0,0.0
2025-07-30 00:00:00,118161.87,0.0,0.0,0.0,3817.47,0.0,0.0,0.0,500,0,0.0,0,0.0
2025-07-30 04:00:00,118123.01,0.0,0.0,0.0,3811.44,0.0,0.0,0.0,500,0,0.0,0,0.0
2025-07-30 08:00:00,117579.99,0.0,0.0,0.0,3758.18,0.0,0.0,0.0,500,0,0.0,0,0.0
2025-07-30 12:00:00,118000.01,0.0,0.0,0.0,3797.25,0.0,0.0,0.0,500,0,0.0,0,0.0
2025-07-30 16:00:00,116916.73,0.0,0.0,0.0,3760.68,0.0,0.0,0.0,500,0,0.0,0,0.0
2025-07-30 20:00:00,117840.3,0.0,0.0,0.0,3810.0,0.0,0.0,0.0,500,0,0.0,0,0.0
2025-07-31 00:00:00,118466.14,0.0,0.0,0.0,3863.31,0.0,0.0,0.0,500,0,0.0,0,0.0
2025-07-31 04:00:00,118665.97,0.0,0.0,0.0,3863.81,0.0,0.0,0.0,500,0,0.0,0,0.0
2025-07-31 08:00:00,118371.25,0.0,0.0,0.0,3838.46,0.0,0.0,0.0,500,0,0.0,0,0.0
2025-07-31 12:00:00,118306.18,0.0,0.0,0.0,3788.38,0.0,0.0,0.0,500,0,0.0,0,0.0
2025-07-31 16:00:00,116785.79,0.0,0.0,0.0,3737.72,0.0,0.0,0.0,500,0,0.0,0,0.0
2025-07-31 20:00:00,115764.08,0.0,0.0,0.0,3698.39,0.0,0.0,0.0,500,0,0.0,0,0.0
2025-08-01 00:00:00,115648.03,0.0,0.0,0.0,3704.98,0.0,0.0,0.0,500,0,0.0,0,0.0
2025-08-01 04:00:00,115081.77,0.0,0.0,0.0,3650.74,0.0,0.0,0.0,500,0,0.0,0,0.0
2025-08-01 08:00:00,115305.65,0.0,0.0,0.0,3642.72,0.0,0.0,0.0,500,0,0.0,0,0.0
2025-08-01 12:00:00,115357.82,0.0,0.0,0.0,3616.1,0.0,0.0,0.0,500,0,0.0,0,0.0
2025-08-01 16:00:00,113328.68,0.0,0.0,0.0,3518.4,0.0,0.0,0.0,500,0,0.0,0,0.0
2025-08-01 20:00:00,113297.93,0.0,0.0,0.0,3488.2,0.0,0.0,0.0,500,0,0.0,0,0.0
2025-08-02 00:00:00,113909.86,0.0,0.0,0.0,3528.79,0.0,0.0,0.0,500,0,0.0,0,0.0
2025-08-02 04:00:00,113982.49,0.0,0.0,0.0,3519.16,0.0,0.0,0.0,500,0,0.0,0,0.0
2025-08-02 08:00:00,113787.12,0.0,0.0,0.0,3508.67,0.0,0.0,0.0,500,0,0.0,0,0.0
2025-08-02 12:00:00,112840.71,0.0,0.0,0.0,3459.33,0.0,0.0,0.0,500,0,0.0,0,0.0
2025-08-02 16:00:00,112229.42,0.0,0.0,0.0,3383.2,0.0,0.0,0.0,500,0,0.0,0,0.0
2025-08-02 20:00:00,112546.35,0.0,0.0,0.0,3393.94,0.0,0.0,0.0,500,0,0.0,0,0.0
2025-08-03 00:00:00,113604.2,0.0,0.0,0.0,3444.12,0.0,0.0,0.0,500,0,0.0,0,0.0
2025-08-03 04:00:00,113700.0,0.0,0.0,0.0,3456.25,0.0,0.0,0.0,500,0,0.0,0,0.0
2025-08-03 08:00:00,113862.18,0.0,0.0,0.0,3485.46,0.0,0.0,0.0,500,0,0.0,0,0.0
2025-08-03 12:00:00,113959.06,0.0,0.0,0.0,3476.49,0.0,0.0,0.0,500,0,0.0,0,0.0
2025-08-03 16:00:00,114313.19,0.0,0.0,0.0,3496.74,0.0,0.0,0.0,500,0,0.0,0,0.0
2025-08-03 20:00:00,114208.8,0.0,0.0,0.0,3496.74,0.0,0.0,0.0,500,0,0.0,0,0.0
2025-08-04 00:00:00,114570.61,0.0,0.0,0.0,3556.8,0.0,0.0,0.0,500,0,0.0,0,0.0
2025-08-04 04:00:00,114652.97,0.0,0.0,0.0,3551.99,0.0,0.0,0.0,500,0,0.0,0,0.0
2025-08-04 08:00:00,114493.09,0.0,0.0,0.0,3555.7,0.0,0.0,0.0,500,0,0.0,0,0.0
2025-08-04 12:00:00,114826.0,0.0,0.0,0.0,3648.89,0.0,0.0,0.0,500,0,0.0,0,0.0
2025-08-04 16:00:00,114777.62,0.0,0.0,0.0,3669.73,0.0,0.0,0.0,500,0,0.0,0,0.0
2025-08-04 20:00:00,115055.03,0.0,0.0,0.0,3720.99,0.0,0.0,0.0,500,0,0.0,0,0.0
2025-08-05 00:00:00,114256.85,0.0,0.0,0.0,3651.94,0.0,0.0,0.0,500,0,0.0,0,0.0
2025-08-05 04:00:00,113969.7,0.0,0.0,0.0,3613.49,0.0,0.0,0.0,500,0,0.0,0,0.0
2025-08-05 08:00:00,114827.07,0.0,0.0,0.0,3673.79,0.0,0.0,0.0,500,0,0.0,0,0.0
2025-08-05 12:00:00,112934.0,0.0,0.0,0.0,3570.43,0.0,0.0,0.0,500,0,0.0,0,0.0
2025-08-05 16:00:00,113616.52,0.0,0.0,0.0,3571.66,0.0,0.0,0.0,500,0,0.0,0,0.0
2025-08-05 20:00:00,114129.75,0.0,0.0,0.0,3612.0,0.0,0.0,0.0,500,0,0.0,0,0.0
2025-08-06 00:00:00,113509.97,0.0,0.0,0.0,3583.66,0.0,0.0,0.0,500,0,0.0,0,0.0
2025-08-06 04:00:00,114227.91,0.0,0.0,0.0,3639.82,0.0,0.0,0.0,500,0,0.0,0,0.0
2025-08-06 08:00:00,114226.69,0.0,0.0,0.0,3619.64,0.0,0.0,0.0,500,0,0.0,0,0.0
2025-08-06 12:00:00,115413.87,0.0,0.0,0.0,3664.69,0.0,0.0,0.0,500,0,0.0,0,0.0
2025-08-06 16:00:00,115259.99,0.0,0.0,0.0,3683.65,0.0,0.0,0.0,500,0,0.0,0,0.0
2025-08-06 20:00:00,114992.27,0.0,0.0,0.0,3683.31,0.0,0.0,0.0,500,0,0.0,0,0.0
2025-08-07 00:00:00,114546.03,0.0,0.0,0.0,3656.78,0.0,0.0,0.0,500,0,0.0,0,0.0
2025-08-07 04:00:00,114787.99,0.0,0.0,0.0,3702.4,0.0,0.0,0.0,500,0,0.0,0,0.0
2025-08-07 08:00:00,116519.53,0.0,0.0,0.0,3827.0,0.0,0.0,0.0,500,0,0.0,0,0.0
2025-08-07 12:00:00,116689.81,0.0,0.0,0.0,3837.01,0.0,0.0,0.0,500,0,0.0,0,0.0
2025-08-07 16:00:00,117461.98,0.0,0.0,0.0,3867.6,0.0,0.0,0.0,500,0,0.0,0,0.0
2025-08-07 20:00:00,117472.01,0.0,0.0,0.0,3910.31,0.0,0.0,0.0,500,0,0.0,0,0.0
2025-08-08 00:00:00,116737.35,-0.6,0.7222298235458635,0.3250034205956386,3939.18,0.0,0.0,0.0,500,0,0.0,0,0.0
2025-08-08 04:00:00,116817.19,0.0,0.0,0.0,3915.97,0.0,0.0,0.0,500,0,0.0,0,0.0
2025-08-08 08:00:00,116891.51,0.0,0.0,0.0,3917.97,0.0,0.0,0.0,500,0,0.0,0,0.0
2025-08-08 12:00:00,116207.69,0.0,0.0,0.0,3954.56,0.0,0.0,0.0,500,0,0.0,0,0.0
2025-08-08 16:00:00,116453.41,0.0,0.0,0.0,4060.99,0.0,0.0,0.0,500,0,0.0,0,0.0
2025-08-08 20:00:00,116674.74,0.0,0.0,0.0,4009.5,0.0,0.0,0.0,500,0,0.0,0,0.0
2025-08-09 00:00:00,116384.01,0.0,0.0,0.0,4051.01,0.0,0.0,0.0,500,0,0.0,0,0.0
2025-08-09 04:00:00,116756.01,0.0,0.0,0.0,4170.64,0.0,0.0,0.0,500,0,0.0,0,0.0
2025-08-09 08:00:00,117110.0,0.0,0.0,0.0,4190.0,0.0,0.0,0.0,500,0,0.0,0,0.0
2025-08-09 12:00:00,116892.47,0.0,0.0,0.0,4209.57,0.0,0.0,0.0,500,0,0.0,0,0.0
2025-08-09 16:00:00,116535.69,0.0,0.0,0.0,4258.57,0.0,0.0,0.0,500,0,0.0,0,0.0
2025-08-09 20:00:00,116462.25,0.0,0.0,0.0,4260.62,0.0,0.0,0.0,500,0,0.0,0,0.0
2025-08-10 00:00:00,118500.0,0.0,0.0,0.0,4242.74,0.0,0.0,0.0,500,0,0.0,0,0.0
2025-08-10 04:00:00,117808.3,0.0,0.0,0.0,4185.12,0.0,0.0,0.0,500,0,0.0,0,0.0
2025-08-10 08:00:00,118330.58,0.0,0.0,0.0,4180.57,0.0,0.0,0.0,500,0,0.0,0,0.0
2025-08-10 12:00:00,118815.0,0.0,0.0,0.0,4217.94,0.0,0.0,0.0,500,0,0.0,0,0.0
2025-08-10 16:00:00,118663.08,0.0,0.0,0.0,4248.83,0.0,0.0,0.0,500,0,0.0,0,0.0
2025-08-10 20:00:00,119294.01,0.0,0.0,0.0,4250.57,0.0,0.0,0.0,500,0,0.0,0,0.0
2025-08-11 00:00:00,121728.99,0.0,0.0,0.0,4309.64,0.0,0.0,0.0,500,0,0.0,0,0.0
2025-08-11 04:00:00,121537.15,0.0,0.0,0.0,4273.69,0.0,0.0,0.0,500,0,0.0,0,0.0
2025-08-11 08:00:00,120561.54,-0.6,1.0331678444250374,0.46492552999126685,4185.1,0.0,0.0,0.0,500,0,0.0,0,0.0
2025-08-11 12:00:00,120314.4,-0.6,1.0499999999999998,0.4724999999999999,4329.74,0.0,0.0,0.0,500,0,0.0,0,0.0
2025-08-11 16:00:00,119089.3,0.0,0.0,0.0,4259.39,0.0,0.0,0.0,500,0,0.0,0,0.0
2025-08-11 20:00:00,118686.0,0.0,0.0,0.0,4223.22,0.0,0.0,0.0,500,0,0.0,0,0.0
2025-08-12 00:00:00,118857.7,0.0,0.0,0.0,4286.09,0.0,0.0,0.0,500,0,0.0,0,0.0
2025-08-12 04:00:00,118986.72,0.0,0.0,0.0,4315.57,0.0,0.0,0.0,500,0,0.0,0,0.0
2025-08-12 08:00:00,118522.22,0.0,0.0,0.0,4290.94,0.0,0.0,0.0,500,0,0.0,0,0.0
2025-08-12 12:00:00,119933.0,0.0,0.0,0.0,4472.62,0.0,0.0,0.0,500,0,0.0,0,0.0
2025-08-12 16:00:00,119665.27,0.0,0.0,0.0,4516.97,0.0,0.0,0.0,500,0,0.0,0,0.0
2025-08-12 20:00:00,120134.08,0.0,0.0,0.0,4590.52,0.0,0.0,0.0,500,0,0.0,0,0.0
2025-08-13 00:00:00,119482.01,0.0,0.0,0.0,4647.0,0.0,0.0,0.0,500,0,0.0,0,0.0
2025-08-13 04:00:00,119580.4,0.0,0.0,0.0,4625.59,0.0,0.0,0.0,500,0,0.0,0,0.0
2025-08-13 08:00:00,120570.41,0.0,0.0,0.0,4690.33,0.0,0.0,0.0,500,0,0.0,0,0.0
2025-08-13 12:00:00,120920.62,0.0,0.0,0.0,4664.38,0.0,0.0,0.0,500,0,0.0,0,0.0
2025-08-13 16:00:00,122744.21,0.0,0.0,0.0,4738.99,0.0,0.0,0.0,500,0,0.0,0,0.0
2025-08-13 20:00:00,123306.43,0.0,0.0,0.0,4749.3,0.0,0.0,0.0,500,0,0.0,0,0.0
2025-08-14 00:00:00,123337.14,0.0,0.0,0.0,4774.08,0.0,0.0,0.0,500,0,0.0,0,0.0
2025-08-14 04:00:00,121725.31,0.0,0.0,0.0,4748.37,0.0,0.0,0.0,500,0,0.0,0,0.0
2025-08-14 08:00:00,120949.67,0.0,0.0,0.0,4718.17,0.0,0.0,0.0,500,0,0.0,0,0.0
2025-08-14 12:00:00,118257.25,0.0,0.0,0.0,4618.87,0.0,0.0,0.0,500,0,0.0,0,0.0
2025-08-14 16:00:00,117945.92,0.0,0.0,0.0,4537.63,0.0,0.0,0.0,500,0,0.0,0,0.0
2025-08-14 20:00:00,118295.09,0.0,0.0,0.0,4546.84,0.0,0.0,0.0,500,0,0.0,0,0.0
2025-08-15 00:00:00,118968.91,0.0,0.0,0.0,4634.46,0.0,0.0,0.0,500,0,0.0,0,0.0
2025-08-15 04:00:00,118956.45,0.0,0.0,0.0,4640.16,0.0,0.0,0.0,500,0,0.0,0,0.0
2025-08-15 08:00:00,119006.01,0.0,0.0,0.0,4634.16,0.0,0.0,0.0,500,0,0.0,0,0.0
2025-08-15 12:00:00,117275.22,0.0,0.0,0.0,4430.86,0.0,0.0,0.0,500,0,0.0,0,0.0
2025-08-15 16:00:00,116936.27,0.0,0.0,0.0,4383.45,0.0,0.0,0.0,500,0,0.0,0,0.0
2025-08-15 20:00:00,117342.05,0.0,0.0,0.0,4439.47,0.0,0.0,0.0,500,0,0.0,0,0.0
2025-08-16 00:00:00,117429.63,0.0,0.0,0.0,4432.24,0.0,0.0,0.0,500,0,0.0,0,0.0
2025-08-16 04:00:00,117596.07,0.0,0.0,0.0,4451.83,0.0,0.0,0.0,500,0,0.0,0,0.0
2025-08-16 08:00:00,117378.52,0.0,0.0,0.0,4387.87,0.0,0.0,0.0,500,0,0.0,0,0.0
2025-08-16 12:00:00,117676.7,0.0,0.0,0.0,4400.42,0.0,0.0,0.0,500,0,0.0,0,0.0
2025-08-16 16:00:00,117672.12,0.0,0.0,0.0,4418.53,0.0,0.0,0.0,500,0,0.0,0,0.0
2025-08-16 20:00:00,117380.66,0.0,0.0,0.0,4421.99,0.0,0.0,0.0,500,0,0.0,0,0.0
2025-08-17 00:00:00,117684.95,0.0,0.0,0.0,4452.77,0.0,0.0,0.0,500,0,0.0,0,0.0
2025-08-17 04:00:00,118005.98,0.0,0.0,0.0,4467.12,0.0,0.0,0.0,500,0,0.0,0,0.0
2025-08-17 08:00:00,118308.01,0.0,0.0,0.0,4551.68,0.0,0.0,0.0,500,0,0.0,0,0.0
2025-08-17 12:00:00,118246.16,0.0,0.0,0.0,4561.99,0.0,0.0,0.0,500,0,0.0,0,0.0
2025-08-17 16:00:00,117570.07,0.0,0.0,0.0,4459.56,0.0,0.0,0.0,500,0,0.0,0,0.0
2025-08-17 20:00:00,117405.01,0.0,0.0,0.0,4472.33,0.0,0.0,0.0,500,0,0.0,0,0.0
2025-08-18 00:00:00,115319.0,0.0,0.0,0.0,4320.22,0.0,0.0,0.0,500,0,0.0,0,0.0
2025-08-18 04:00:00,115205.98,0.0,0.0,0.0,4257.47,0.0,0.0,0.0,500,0,0.0,0,0.0
2025-08-18 08:00:00,114947.27,0.0,0.0,0.0,4274.37,0.0,0.0,0.0,500,0,0.0,0,0.0
2025-08-18 12:00:00,116145.34,0.0,0.0,0.0,4345.52,0.0,0.0,0.0,500,0,0.0,0,0.0
2025-08-18 16:00:00,116313.99,0.0,0.0,0.0,4355.09,0.0,0.0,0.0,500,0,0.0,0,0.0
2025-08-18 20:00:00,116227.05,0.0,0.0,0.0,4312.99,0.0,0.0,0.0,500,0,0.0,0,0.0
2025-08-19 00:00:00,114810.0,0.0,0.0,0.0,4218.66,0.0,0.0,0.0,500,0,0.0,0,0.0
2025-08-19 04:00:00,114978.14,0.0,0.0,0.0,4234.36,0.0,0.0,0.0,500,0,0.0,0,0.0
2025-08-19 08:00:00,115508.71,0.0,0.0,0.0,4308.93,0.0,0.0,0.0,500,0,0.0,0,0.0
2025-08-19 12:00:00,113786.38,0.0,0.0,0.0,4192.14,0.0,0.0,0.0,500,0,0.0,0,0.0
2025-08-19 16:00:00,113132.48,0.0,0.0,0.0,4142.0,0.0,0.0,0.0,500,0,0.0,0,0.0
2025-08-19 20:00:00,112872.94,0.0,0.0,0.0,4075.59,0.0,0.0,0.0,500,0,0.0,0,0.0
2025-08-20 00:00:00,113525.91,0.0,0.0,0.0,4140.92,0.0,0.0,0.0,500,0,0.0,0,0.0
2025-08-20 04:00:00,113490.13,0.0,0.0,0.0,4185.22,0.0,0.0,0.0,500,0,0.0,0,0.0
2025-08-20 08:00:00,113666.68,0.0,0.0,0.0,4195.3,0.0,0.0,0.0,500,0,0.0,0,0.0
2025-08-20 12:00:00,113353.94,0.0,0.0,0.0,4255.9,0.0,0.0,0.0,500,0,0.0,0,0.0
2025-08-20 16:00:00,114276.66,0.0,0.0,0.0,4346.65,0.0,0.0,0.0,500,0,0.0,0,0.0
2025-08-20 20:00:00,114271.24,0.0,0.0,0.0,4336.16,0.0,0.0,0.0,500,0,0.0,0,0.0
2025-08-21 00:00:00,113954.62,0.0,0.0,0.0,4295.23,0.0,0.0,0.0,500,0,0.0,0,0.0
2025-08-21 04:00:00,113896.03,0.0,0.0,0.0,4310.76,0.0,0.0,0.0,500,0,0.0,0,0.0
2025-08-21 08:00:00,113148.66,0.0,0.0,0.0,4278.52,0.0,0.0,0.0,500,0,0.0,0,0.0
2025-08-21 12:00:00,112792.08,0.0,0.0,0.0,4242.66,0.0,0.0,0.0,500,0,0.0,0,0.0
2025-08-21 16:00:00,112193.71,0.0,0.0,0.0,4224.1,0.0,0.0,0.0,500,0,0.0,0,0.0
2025-08-21 20:00:00,112500.0,0.0,0.0,0.0,4225.3,0.0,0.0,0.0,500,0,0.0,0,0.0
2025-08-22 00:00:00,112929.24,0.0,0.0,0.0,4278.93,0.0,0.0,0.0,500,0,0.0,0,0.0
2025-08-22 04:00:00,113094.83,0.0,0.0,0.0,4328.14,0.0,0.0,0.0,500,0,0.0,0,0.0
2025-08-22 08:00:00,112320.0,0.0,0.0,0.0,4274.56,0.0,0.0,0.0,500,0,0.0,0,0.0
2025-08-22 12:00:00,116370.75,0.0,0.0,0.0,4616.08,0.0,0.0,0.0,500,0,0.0,0,0.0
2025-08-22 16:00:00,116655.79,0.0,0.0,0.0,4833.0,0.0,0.0,0.0,500,0,0.0,0,0.0
2025-08-22 20:00:00,116935.99,0.0,0.0,0.0,4832.07,0.0,0.0,0.0,500,0,0.0,0,0.0
2025-08-23 00:00:00,115568.77,0.0,0.0,0.0,4694.64,0.0,0.0,0.0,500,0,0.0,0,0.0
2025-08-23 04:00:00,115799.47,0.0,0.0,0.0,4713.88,0.0,0.0,0.0,500,0,0.0,0,0.0
2025-08-23 08:00:00,115310.13,0.0,0.0,0.0,4704.93,0.0,0.0,0.0,500,0,0.0,0,0.0
2025-08-23 12:00:00,114812.87,0.0,0.0,0.0,4751.0,0.0,0.0,0.0,500,0,0.0,0,0.0
2025-08-23 16:00:00,115133.91,0.0,0.0,0.0,4758.66,0.0,0.0,0.0,500,0,0.0,0,0.0
2025-08-23 20:00:00,115438.05,0.0,0.0,0.0,4778.4,0.0,0.0,0.0,500,0,0.0,0,0.0
2025-08-24 00:00:00,115036.0,0.0,0.0,0.0,4788.59,0.0,0.0,0.0,500,0,0.0,0,0.0
2025-08-24 04:00:00,114888.19,0.0,0.0,0.0,4758.7,0.0,0.0,0.0,500,0,0.0,0,0.0
2025-08-24 08:00:00,114730.22,0.0,0.0,0.0,4747.73,0.0,0.0,0.0,500,0,0.0,0,0.0
2025-08-24 12:00:00,114400.0,0.0,0.0,0.0,4798.32,0.0,0.0,0.0,500,0,0.0,0,0.0
2025-08-24 16:00:00,112600.0,0.0,0.0,0.0,4813.04,0.0,0.0,0.0,500,0,0.0,0,0.0
2025-08-24 20:00:00,113493.59,0.0,0.0,0.0,4780.15,0.0,0.0,0.0,500,0,0.0,0,0.0
2025-08-25 00:00:00,112916.84,0.0,0.0,0.0,4727.41,0.0,0.0,0.0,500,0,0.0,0,0.0
2025-08-25 04:00:00,111511.55,0.0,0.0,0.0,4591.36,0.0,0.0,0.0,500,0,0.0,0,0.0
2025-08-25 08:00:00,111214.97,0.0,0.0,0.0,4600.08,0.0,0.0,0.0,500,0,0.0,0,0.0
2025-08-25 12:00:00,112200.64,0.0,0.0,0.0,4612.57,0.0,0.0,0.0,500,0,0.0,0,0.0
2025-08-25 16:00:00,110716.13,0.0,0.0,0.0,4420.34,0.0,0.0,0.0,500,0,0.0,0,0.0
2025-08-25 20:00:00,110111.98,0.0,0.0,0.0,4376.18,0.0,0.0,0.0,500,0,0.0,0,0.0
2025-08-26 00:00:00,109879.56,0.0,0.0,0.0,4402.58,0.0,0.0,0.0,500,0,0.0,0,0.0
2025-08-26 04:00:00,110303.2,0.0,0.0,0.0,4429.7,0.0,0.0,0.0,500,0,0.0,0,0.0
2025-08-26 08:00:00,109876.52,0.0,0.0,0.0,4427.24,0.0,0.0,0.0,500,0,0.0,0,0.0
2025-08-26 12:00:00,109666.33,0.0,0.0,0.0,4519.02,0.0,0.0,0.0,500,0,0.0,0,0.0
2025-08-26 16:00:00,111116.03,0.0,0.0,0.0,4596.7,0.0,0.0,0.0,500,0,0.0,0,0.0
2025-08-26 20:00:00,111763.22,0.0,0.0,0.0,4600.63,0.0,0.0,0.0,500,0,0.0,0,0.0
2025-08-27 00:00:00,111418.15,0.0,0.0,0.0,4603.55,0.0,0.0,0.0,500,0,0.0,0,0.0
2025-08-27 04:00:00,110725.18,0.0,0.0,0.0,4580.45,0.0,0.0,0.0,500,0,0.0,0,0.0
2025-08-27 08:00:00,111322.07,0.0,0.0,0.0,4608.87,0.0,0.0,0.0,500,0,0.0,0,0.0
2025-08-27 12:00:00,112000.0,0.0,0.0,0.0,4657.57,0.0,0.0,0.0,500,0,0.0,0,0.0
2025-08-27 16:00:00,112080.69,0.0,0.0,0.0,4565.7,0.0,0.0,0.0,500,0,0.0,0,0.0
2025-08-27 20:00:00,111262.01,0.0,0.0,0.0,4506.71,0.0,0.0,0.0,500,0,0.0,0,0.0
2025-08-28 00:00:00,112000.01,0.0,0.0,0.0,4541.63,0.0,0.0,0.0,500,0,0.0,0,0.0
2025-08-28 04:00:00,113114.11,0.0,0.0,0.0,4596.82,0.0,0.0,0.0,500,0,0.0,0,0.0
2025-08-28 08:00:00,112909.18,0.0,0.0,0.0,4594.8,0.0,0.0,0.0,500,0,0.0,0,0.0
2025-08-28 12:00:00,112678.53,0.0,0.0,0.0,4504.01,0.0,0.0,0.0,500,0,0.0,0,0.0
2025-08-28 16:00:00,111901.36,0.0,0.0,0.0,4438.46,0.0,0.0,0.0,500,0,0.0,0,0.0
2025-08-28 20:00:00,112566.9,0.0,0.0,0.0,4511.21,0.0,0.0,0.0,500,0,0.0,0,0.0
2025-08-29 00:00:00,111704.23,0.0,0.0,0.0,4489.75,0.0,0.0,0.0,500,0,0.0,0,0.0
2025-08-29 04:00:00,110019.38,0.0,0.0,0.0,4381.03,0.0,0.0,0.0,500,0,0.0,0,0.0
2025-08-29 08:00:00,110098.81,0.0,0.0,0.0,4346.48,0.0,0.0,0.0,500,0,0.0,0,0.0
2025-08-29 12:00:00,108386.23,0.0,0.0,0.0,4316.09,0.0,0.0,0.0,500,0,0.0,0,0.0
2025-08-29 16:00:00,108212.01,0.0,0.0,0.0,4340.78,0.0,0.0,0.0,500,0,0.0,0,0.0
2025-08-29 20:00:00,108377.4,0.0,0.0,0.0,4360.18,0.0,0.0,0.0,500,0,0.0,0,0.0
2025-08-30 00:00:00,108436.2,0.0,0.0,0.0,4352.45,0.0,0.0,0.0,500,0,0.0,0,0.0
2025-08-30 04:00:00,108524.26,0.0,0.0,0.0,4402.39,0.0,0.0,0.0,500,0,0.0,0,0.0
2025-08-30 08:00:00,108680.01,0.0,0.0,0.0,4392.08,0.0,0.0,0.0,500,0,0.0,0,0.0
2025-08-30 12:00:00,108869.98,0.0,0.0,0.0,4376.35,0.0,0.0,0.0,500,0,0.0,0,0.0
2025-08-30 16:00:00,108828.33,0.0,0.0,0.0,4354.63,0.0,0.0,0.0,500,0,0.0,0,0.0
2025-08-30 20:00:00,108816.33,0.0,0.0,0.0,4373.7,0.0,0.0,0.0,500,0,0.0,0,0.0
2025-08-31 00:00:00,109223.84,0.0,0.0,0.0,4488.12,0.0,0.0,0.0,500,0,0.0,0,0.0
2025-08-31 04:00:00,108708.26,0.0,0.0,0.0,4450.84,0.0,0.0,0.0,500,0,0.0,0,0.0
2025-08-31 08:00:00,108389.76,0.0,0.0,0.0,4476.98,0.0,0.0,0.0,500,0,0.0,0,0.0
2025-08-31 12:00:00,108818.69,0.0,0.0,0.0,4485.27,0.0,0.0,0.0,500,0,0.0,0,0.0
2025-08-31 16:00:00,108930.0,0.0,0.0,0.0,4456.01,0.0,0.0,0.0,500,0,0.0,0,0.0
2025-08-31 20:00:00,108246.35,0.0,0.0,0.0,4391.83,0.0,0.0,0.0,500,0,0.0,0,0.0
2025-09-01 00:00:00,107660.01,0.0,0.0,0.0,4404.16,0.0,0.0,0.0,500,0,0.0,0,0.0
2025-09-01 04:00:00,109432.99,0.0,0.0,0.0,4463.29,0.0,0.0,0.0,500,0,0.0,0,0.0
2025-09-01 08:00:00,108782.88,0.0,0.0,0.0,4392.83,0.0,0.0,0.0,500,0,0.0,0,0.0
2025-09-01 12:00:00,108784.33,0.0,0.0,0.0,4362.01,0.0,0.0,0.0,500,0,0.0,0,0.0
2025-09-01 16:00:00,109217.64,0.0,0.0,0.0,4368.06,0.0,0.0,0.0,500,0,0.0,0,0.0
2025-09-01 20:00:00,109237.42,0.0,0.0,0.0,4314.5,0.0,0.0,0.0,500,0,0.0,0,0.0
2025-09-02 00:00:00,110322.18,0.0,0.0,0.0,4367.11,0.0,0.0,0.0,500,0,0.0,0,0.0
2025-09-02 04:00:00,110233.92,0.0,0.0,0.0,4377.53,0.0,0.0,0.0,500,0,0.0,0,0.0
2025-09-02 08:00:00,109733.34,0.0,0.0,0.0,4347.98,0.0,0.0,0.0,500,0,0.0,0,0.0
2025-09-02 12:00:00,110829.17,0.0,0.0,0.0,4295.66,0.0,0.0,0.0,500,0,0.0,0,0.0
2025-09-02 16:00:00,110806.0,0.0,0.0,0.0,4274.41,0.0,0.0,0.0,500,0,0.0,0,0.0
2025-09-02 20:00:00,111240.01,0.0,0.0,0.0,4326.5,0.0,0.0,0.0,500,0,0.0,0,0.0
2025-09-03 00:00:00,111054.01,0.0,0.0,0.0,4335.02,0.0,0.0,0.0,500,0,0.0,0,0.0
2025-09-03 04:00:00,111099.88,0.0,0.0,0.0,4310.21,0.0,0.0,0.0,500,0,0.0,0,0.0
2025-09-03 08:00:00,111437.77,0.0,0.0,0.0,4371.51,0.0,0.0,0.0,500,0,0.0,0,0.0
2025-09-03 12:00:00,112222.74,0.0,0.0,0.0,4480.03,0.0,0.0,0.0,500,0,0.0,0,0.0
2025-09-03 16:00:00,112193.74,0.0,0.0,0.0,4475.32,0.0,0.0,0.0,500,0,0.0,0,0.0
2025-09-03 20:00:00,111705.71,0.0,0.0,0.0,4450.46,0.0,0.0,0.0,500,0,0.0,0,0.0
2025-09-04 00:00:00,111148.97,0.0,0.0,0.0,4398.03,0.0,0.0,0.0,500,0,0.0,0,0.0
2025-09-04 04:00:00,110463.36,0.0,0.0,0.0,4371.04,0.0,0.0,0.0,500,0,0.0,0,0.0
2025-09-04 08:00:00,110810.0,0.0,0.0,0.0,4407.03,0.0,0.0,0.0,500,0,0.0,0,0.0
2025-09-04 12:00:00,109510.31,0.0,0.0,0.0,4305.33,0.0,0.0,0.0,500,0,0.0,0,0.0
2025-09-04 16:00:00,109799.99,0.0,0.0,0.0,4275.92,0.0,0.0,0.0,500,0,0.0,0,0.0
2025-09-04 20:00:00,110730.87,0.0,0.0,0.0,4297.55,0.0,0.0,0.0,500,0,0.0,0,0.0
2025-09-05 00:00:00,111311.77,0.0,0.0,0.0,4328.88,0.0,0.0,0.0,500,0,0.0,0,0.0
2025-09-05 04:00:00,112954.32,0.0,0.0,0.0,4417.29,0.0,0.0,0.0,500,0,0.0,0,0.0
2025-09-05 08:00:00,112354.0,0.0,0.0,0.0,4417.39,0.0,0.0,0.0,500,0,0.0,0,0.0
2025-09-05 12:00:00,110716.82,0.0,0.0,0.0,4283.39,0.0,0.0,0.0,500,0,0.0,0,0.0
2025-09-05 16:00:00,111614.54,0.0,0.0,0.0,4331.54,0.0,0.0,0.0,500,0,0.0,0,0.0
2025-09-05 20:00:00,110659.99,0.0,0.0,0.0,4307.45,0.0,0.0,0.0,500,0,0.0,0,0.0
2025-09-06 00:00:00,111082.22,0.0,0.0,0.0,4320.42,0.0,0.0,0.0,500,0,0.0,0,0.0
2025-09-06 04:00:00,110825.6,0.0,0.0,0.0,4312.26,0.0,0.0,0.0,500,0,0.0,0,0.0
2025-09-06 08:00:00,110781.02,0.0,0.0,0.0,4299.99,0.0,0.0,0.0,500,0,0.0,0,0.0
2025-09-06 12:00:00,110384.15,0.0,0.0,0.0,4270.24,0.0,0.0,0.0,500,0,0.0,0,0.0
2025-09-06 16:00:00,110038.41,0.0,0.0,0.0,4255.48,0.0,0.0,0.0,500,0,0.0,0,0.0
2025-09-06 20:00:00,110187.97,0.0,0.0,0.0,4273.14,0.0,0.0,0.0,500,0,0.0,0,0.0
2025-09-07 00:00:00,110629.15,0.0,0.0,0.0,4296.9,0.0,0.0,0.0,500,0,0.0,0,0.0
2025-09-07 04:00:00,110753.42,0.0,0.0,0.0,4294.56,0.0,0.0,0.0,500,0,0.0,0,0.0
2025-09-07 08:00:00,111292.13,0.0,0.0,0.0,4310.87,0.0,0.0,0.0,500,0,0.0,0,0.0
2025-09-07 12:00:00,111329.99,0.0,0.0,0.0,4299.38,0.0,0.0,0.0,500,0,0.0,0,0.0
2025-09-07 16:00:00,111259.99,0.0,0.0,0.0,4293.48,0.0,0.0,0.0,500,0,0.0,0,0.0
2025-09-07 20:00:00,111137.34,0.0,0.0,0.0,4306.19,0.0,0.0,0.0,500,0,0.0,0,0.0
2025-09-08 00:00:00,111052.11,0.0,0.0,0.0,4311.87,0.0,0.0,0.0,500,0,0.0,0,0.0
2025-09-08 04:00:00,111280.39,0.0,0.0,0.0,4291.78,0.0,0.0,0.0,500,0,0.0,0,0.0
2025-09-08 08:00:00,112052.43,0.0,0.0,0.0,4312.41,0.0,0.0,0.0,500,0,0.0,0,0.0
2025-09-08 12:00:00,112631.75,0.0,0.0,0.0,4371.64,0.0,0.0,0.0,500,0,0.0,0,0.0
2025-09-08 16:00:00,112097.31,0.0,0.0,0.0,4293.0,0.0,0.0,0.0,500,0,0.0,0,0.0
2025-09-08 20:00:00,112065.23,0.0,0.0,0.0,4306.37,0.0,0.0,0.0,500,0,0.0,0,0.0
2025-09-09 00:00:00,111708.0,0.0,0.0,0.0,4306.63,0.0,0.0,0.0,500,0,0.0,0,0.0
2025-09-09 04:00:00,112991.11,0.0,0.0,0.0,4361.53,0.0,0.0,0.0,500,0,0.0,0,0.0
2025-09-09 08:00:00,112433.59,0.0,0.0,0.0,4347.34,0.0,0.0,0.0,500,0,0.0,0,0.0
2025-09-09 12:00:00,110880.76,0.0,0.0,0.0,4284.94,0.0,0.0,0.0,500,0,0.0,0,0.0
2025-09-09 16:00:00,111301.53,0.0,0.0,0.0,4295.0,0.0,0.0,0.0,500,0,0.0,0,0.0
2025-09-09 20:00:00,111546.39,0.0,0.0,0.0,4310.09,0.0,0.0,0.0,500,0,0.0,0,0.0
2025-09-10 00:00:00,111545.88,0.0,0.0,0.0,4320.44,0.0,0.0,0.0,500,0,0.0,0,0.0
2025-09-10 04:00:00,112553.65,0.0,0.0,0.0,4329.82,0.0,0.0,0.0,500,0,0.0,0,0.0
2025-09-10 08:00:00,112299.99,0.0,0.0,0.0,4331.31,0.0,0.0,0.0,500,0,0.0,0,0.0
2025-09-10 12:00:00,113853.99,0.0,0.0,0.0,4404.9,0.0,0.0,0.0,500,0,0.0,0,0.0
2025-09-10 16:00:00,113574.52,0.0,0.0,0.0,4322.72,0.0,0.0,0.0,500,0,0.0,0,0.0
2025-09-10 20:00:00,113960.0,0.0,0.0,0.0,4349.32,0.0,0.0,0.0,500,0,0.0,0,0.0
2025-09-11 00:00:00,114400.01,0.0,0.0,0.0,4404.1,0.0,0.0,0.0,500,0,0.0,0,0.0
2025-09-11 04:00:00,114083.58,0.0,0.0,0.0,4440.41,0.0,0.0,0.0,500,0,0.0,0,0.0
2025-09-11 08:00:00,113999.99,0.0,0.0,0.0,4429.8,0.0,0.0,0.0,500,0,0.0,0,0.0
2025-09-11 12:00:00,114180.31,0.0,0.0,0.0,4412.52,0.0,0.0,0.0,500,0,0.0,0,0.0
2025-09-11 16:00:00,114419.99,0.0,0.0,0.0,4423.73,0.0,0.0,0.0,500,0,0.0,0,0.0
2025-09-11 20:00:00,115482.69,0.0,0.0,0.0,4458.82,0.0,0.0,0.0,500,0,0.0,0,0.0
2025-09-12 00:00:00,115194.14,0.0,0.0,0.0,4505.55,0.0,0.0,0.0,500,0,0.0,0,0.0
2025-09-12 04:00:00,115086.7,0.0,0.0,0.0,4525.81,0.0,0.0,0.0,500,0,0.0,0,0.0
2025-09-12 08:00:00,114913.45,0.0,0.0,0.0,4520.76,0.0,0.0,0.0,500,0,0.0,0,0.0
2025-09-12 12:00:00,115121.18,0.0,0.0,0.0,4541.98,0.0,0.0,0.0,500,0,0.0,0,0.0
2025-09-12 16:00:00,116632.51,0.0,0.0,0.0,4657.18,0.0,0.0,0.0,500,0,0.0,0,0.0
2025-09-12 20:00:00,116029.42,0.0,0.0,0.0,4712.16,0.0,0.0,0.0,500,0,0.0,0,0.0
2025-09-13 00:00:00,115957.0,0.0,0.0,0.0,4756.81,0.0,0.0,0.0,500,0,0.0,0,0.0
2025-09-13 04:00:00,115778.71,0.0,0.0,0.0,4711.7,0.0,0.0,0.0,500,0,0.0,0,0.0
2025-09-13 08:00:00,115974.11,0.0,0.0,0.0,4719.53,0.0,0.0,0.0,500,0,0.0,0,0.0
2025-09-13 12:00:00,115768.68,0.0,0.0,0.0,4653.92,0.0,0.0,0.0,500,0,0.0,0,0.0
2025-09-13 16:00:00,115797.12,0.0,0.0,0.0,4638.21,0.0,0.0,0.0,500,0,0.0,0,0.0
2025-09-13 20:00:00,115918.29,0.0,0.0,0.0,4666.53,0.0,0.0,0.0,500,0,0.0,0,0.0
2025-09-14 00:00:00,115679.98,0.0,0.0,0.0,4663.22,0.0,0.0,0.0,500,0,0.0,0,0.0
2025-09-14 04:00:00,115805.39,0.0,0.0,0.0,4650.58,0.0,0.0,0.0,500,0,0.0,0,0.0
2025-09-14 08:00:00,115794.91,0.0,0.0,0.0,4635.0,0.0,0.0,0.0,500,0,0.0,0,0.0
2025-09-14 12:00:00,115224.01,0.0,0.0,0.0,4582.22,0.0,0.0,0.0,500,0,0.0,0,0.0
2025-09-14 16:00:00,115634.99,0.0,0.0,0.0,4615.47,0.0,0.0,0.0,500,0,0.0,0,0.0
2025-09-14 20:00:00,115268.01,0.0,0.0,0.0,4604.49,0.0,0.0,0.0,500,0,0.0,0,0.0
2025-09-15 00:00:00,115445.45,0.0,0.0,0.0,4636.2,0.0,0.0,0.0,500,0,0.0,0,0.0
2025-09-15 04:00:00,115806.62,0.0,0.0,0.0,4597.37,0.0,0.0,0.0,500,0,0.0,0,0.0
2025-09-15 08:00:00,115070.0,0.0,0.0,0.0,4530.65,0.0,0.0,0.0,500,0,0.0,0,0.0
2025-09-15 12:00:00,114842.9,0.0,0.0,0.0,4500.01,0.0,0.0,0.0,500,0,0.0,0,0.0
2025-09-15 16:00:00,115307.78,0.0,0.0,0.0,4493.41,0.0,0.0,0.0,500,0,0.0,0,0.0
2025-09-15 20:00:00,115349.71,0.0,0.0,0.0,4523.74,0.0,0.0,0.0,500,0,0.0,0,0.0
2025-09-16 00:00:00,115307.25,0.0,0.0,0.0,4520.78,0.0,0.0,0.0,500,0,0.0,0,0.0
2025-09-16 04:00:00,115840.0,0.0,0.0,0.0,4512.86,0.0,0.0,0.0,500,0,0.0,0,0.0
2025-09-16 08:00:00,115287.83,0.0,0.0,0.0,4501.26,0.0,0.0,0.0,500,0,0.0,0,0.0
2025-09-16 12:00:00,115905.88,0.0,0.0,0.0,4468.2,0.0,0.0,0.0,500,0,0.0,0,0.0
2025-09-16 16:00:00,116800.12,0.0,0.0,0.0,4491.21,0.0,0.0,0.0,500,0,0.0,0,0.0
2025-09-16 20:00:00,116788.96,0.0,0.0,0.0,4501.29,0.0,0.0,0.0,500,0,0.0,0,0.0
2025-09-17 00:00:00,116372.04,0.0,0.0,0.0,4497.79,0.0,0.0,0.0,500,0,0.0,0,0.0
2025-09-17 04:00:00,117162.48,0.0,0.0,0.0,4544.07,0.0,0.0,0.0,500,0,0.0,0,0.0
2025-09-17 08:00:00,116258.13,0.0,0.0,0.0,4491.64,0.0,0.0,0.0,500,0,0.0,0,0.0
2025-09-17 12:00:00,115875.32,0.0,0.0,0.0,4489.54,0.0,0.0,0.0,500,0,0.0,0,0.0
2025-09-17 16:00:00,115652.02,0.0,0.0,0.0,4517.62,0.0,0.0,0.0,500,0,0.0,0,0.0
2025-09-17 20:00:00,116447.59,0.0,0.0,0.0,4590.53,0.0,0.0,0.0,500,0,0.0,0,0.0
2025-09-18 00:00:00,117581.66,0.0,0.0,0.0,4614.42,0.0,0.0,0.0,500,0,0.0,0,0.0
2025-09-18 04:00:00,117086.01,0.0,0.0,0.0,4574.75,0.0,0.0,0.0,500,0,0.0,0,0.0
2025-09-18 08:00:00,117063.4,0.0,0.0,0.0,4576.12,0.0,0.0,0.0,500,0,0.0,0,0.0
2025-09-18 12:00:00,117583.56,0.0,0.0,0.0,4599.34,0.0,0.0,0.0,500,0,0.0,0,0.0
2025-09-18 16:00:00,117450.21,0.0,0.0,0.0,4588.23,0.0,0.0,0.0,500,0,0.0,0,0.0
2025-09-18 20:00:00,117073.53,0.0,0.0,0.0,4587.66,0.0,0.0,0.0,500,0,0.0,0,0.0
2025-09-19 00:00:00,116977.58,0.0,0.0,0.0,4549.98,0.0,0.0,0.0,500,0,0.0,0,0.0
2025-09-19 04:00:00,116909.97,0.0,0.0,0.0,4539.06,0.0,0.0,0.0,500,0,0.0,0,0.0
2025-09-19 08:00:00,116394.72,0.0,0.0,0.0,4513.8,0.0,0.0,0.0,500,0,0.0,0,0.0
2025-09-19 12:00:00,115884.03,0.0,0.0,0.0,4474.93,0.0,0.0,0.0,500,0,0.0,0,0.0
2025-09-19 16:00:00,115125.12,0.0,0.0,0.0,4440.68,0.0,0.0,0.0,500,0,0.0,0,0.0
2025-09-19 20:00:00,115632.38,0.0,0.0,0.0,4468.59,0.0,0.0,0.0,500,0,0.0,0,0.0
2025-09-20 00:00:00,115445.0,0.0,0.0,0.0,4465.52,0.0,0.0,0.0,500,0,0.0,0,0.0
2025-09-20 04:00:00,115968.56,0.0,0.0,0.0,4483.22,0.0,0.0,0.0,500,0,0.0,0,0.0
2025-09-20 08:00:00,115894.06,0.0,0.0,0.0,4469.96,0.0,0.0,0.0,500,0,0.0,0,0.0
2025-09-20 12:00:00,115986.69,0.0,0.0,0.0,4498.2,0.0,0.0,0.0,500,0,0.0,0,0.0
2025-09-20 16:00:00,115702.0,0.0,0.0,0.0,4480.18,0.0,0.0,0.0,500,0,0.0,0,0.0
2025-09-20 20:00:00,115685.63,0.0,0.0,0.0,4480.42,0.0,0.0,0.0,500,0,0.0,0,0.0
2025-09-21 00:00:00,115669.41,0.0,0.0,0.0,4478.26,0.0,0.0,0.0,500,0,0.0,0,0.0
2025-09-21 04:00:00,115815.97,0.0,0.0,0.0,4477.78,0.0,0.0,0.0,500,0,0.0,0,0.0
2025-09-21 08:00:00,115603.45,0.0,0.0,0.0,4460.57,0.0,0.0,0.0,500,0,0.0,0,0.0
2025-09-21 12:00:00,115531.61,0.0,0.0,0.0,4482.8,0.0,0.0,0.0,500,0,0.0,0,0.0
2025-09-21 16:00:00,115480.05,0.0,0.0,0.0,4494.4,0.0,0.0,0.0,500,0,0.0,0,0.0
2025-09-21 20:00:00,115232.29,0.0,0.0,0.0,4444.97,0.0,0.0,0.0,500,0,0.0,0,0.0
2025-09-22 00:00:00,114649.89,0.0,0.0,0.0,4305.87,0.0,0.0,0.0,500,0,0.0,0,0.0
2025-09-22 04:00:00,112519.99,0.0,0.0,0.0,4193.38,0.0,0.0,0.0,500,0,0.0,0,0.0
2025-09-22 08:00:00,112876.97,0.0,0.0,0.0,4181.62,0.0,0.0,0.0,500,0,0.0,0,0.0
2025-09-22 12:00:00,112815.5,0.0,0.0,0.0,4167.88,0.0,0.0,0.0,500,0,0.0,0,0.0
2025-09-22 16:00:00,112122.9,0.0,0.0,0.0,4134.98,0.0,0.0,0.0,500,0,0.0,0,0.0
2025-09-22 20:00:00,112650.99,0.0,0.0,0.0,4199.08,0.0,0.0,0.0,500,0,0.0,0,0.0
2025-09-23 00:00:00,112339.99,0.0,0.0,0.0,4188.01,0.0,0.0,0.0,500,0,0.0,0,0.0
2025-09-23 04:00:00,113090.13,0.0,0.0,0.0,4205.24,0.0,0.0,0.0,500,0,0.0,0,0.0
2025-09-23 08:00:00,112975.99,0.0,0.0,0.0,4192.08,0.0,0.0,0.0,500,0,0.0,0,0.0
2025-09-23 12:00:00,112882.19,0.0,0.0,0.0,4181.01,0.0,0.0,0.0,500,0,0.0,0,0.0
2025-09-23 16:00:00,111655.29,0.0,0.0,0.0,4153.43,0.0,0.0,0.0,500,0,0.0,0,0.0
2025-09-23 20:00:00,111998.8,0.0,0.0,0.0,4164.26,0.0,0.0,0.0,500,0,0.0,0,0.0
2025-09-24 00:00:00,111683.09,0.0,0.0,0.0,4147.51,0.0,0.0,0.0,500,0,0.0,0,0.0
2025-09-24 04:00:00,112583.54,0.0,0.0,0.0,4175.08,0.0,0.0,0.0,500,0,0.0,0,0.0
2025-09-24 08:00:00,113029.46,0.0,0.0,0.0,4182.08,0.0,0.0,0.0,500,0,0.0,0,0.0
2025-09-24 12:00:00,113346.41,0.0,0.0,0.0,4166.18,0.0,0.0,0.0,500,0,0.0,0,0.0
2025-09-24 16:00:00,113420.01,0.0,0.0,0.0,4161.5,0.0,0.0,0.0,500,0,0.0,0,0.0
2025-09-24 20:00:00,113307.0,0.0,0.0,0.0,4152.81,0.0,0.0,0.0,500,0,0.0,0,0.0
2025-09-25 00:00:00,112546.21,0.0,0.0,0.0,4062.78,0.0,0.0,0.0,500,0,0.0,0,0.0
2025-09-25 04:00:00,111766.72,0.0,0.0,0.0,4009.18,0.0,0.0,0.0,500,0,0.0,0,0.0
2025-09-25 08:00:00,111348.0,0.0,0.0,0.0,4002.51,0.0,0.0,0.0,500,0,0.0,0,0.0
2025-09-25 12:00:00,111580.77,0.0,0.0,0.0,4003.26,0.0,0.0,0.0,500,0,0.0,0,0.0
2025-09-25 16:00:00,109360.0,0.0,0.0,0.0,3911.59,0.0,0.0,0.0,500,0,0.0,0,0.0
2025-09-25 20:00:00,108994.49,0.0,0.0,0.0,3874.36,0.0,0.0,0.0,500,0,0.0,0,0.0
2025-09-26 00:00:00,109580.01,0.0,0.0,0.0,3965.32,0.0,0.0,0.0,500,0,0.0,0,0.0
2025-09-26 04:00:00,109320.02,0.0,0.0,0.0,3938.11,0.0,0.0,0.0,500,0,0.0,0,0.0
2025-09-26 08:00:00,109133.5,0.0,0.0,0.0,3906.0,0.0,0.0,0.0,500,0,0.0,0,0.0
2025-09-26 12:00:00,109027.78,0.0,0.0,0.0,3946.0,0.0,0.0,0.0,500,0,0.0,0,0.0
2025-09-26 16:00:00,109172.2,0.0,0.0,0.0,4024.07,0.0,0.0,0.0,500,0,0.0,0,0.0
2025-09-26 20:00:00,109643.46,0.0,0.0,0.0,4032.24,0.0,0.0,0.0,500,0,0.0,0,0.0
2025-09-27 00:00:00,109553.77,0.0,0.0,0.0,4019.41,0.0,0.0,0.0,500,0,0.0,0,0.0
2025-09-27 04:00:00,109411.2,0.0,0.0,0.0,4007.93,0.0,0.0,0.0,500,0,0.0,0,0.0
2025-09-27 08:00:00,109310.21,0.0,0.0,0.0,4002.16,0.0,0.0,0.0,500,0,0.0,0,0.0
2025-09-27 12:00:00,109402.24,0.0,0.0,0.0,4018.92,0.0,0.0,0.0,500,0,0.0,0,0.0
2025-09-27 16:00:00,109424.2,0.0,0.0,0.0,4002.45,0.0,0.0,0.0,500,0,0.0,0,0.0
2025-09-27 20:00:00,109635.85,0.0,0.0,0.0,4018.38,0.0,0.0,0.0,500,0,0.0,0,0.0
2025-09-28 00:00:00,109436.0,0.0,0.0,0.0,4002.74,0.0,0.0,0.0,500,0,0.0,0,0.0
2025-09-28 04:00:00,109513.06,0.0,0.0,0.0,4014.32,0.0,0.0,0.0,500,0,0.0,0,0.0
2025-09-28 08:00:00,109369.02,0.0,0.0,0.0,3992.39,0.0,0.0,0.0,500,0,0.0,0,0.0
2025-09-28 12:00:00,110037.93,0.0,0.0,0.0,4021.69,0.0,0.0,0.0,500,0,0.0,0,0.0
2025-09-28 16:00:00,110337.6,0.0,0.0,0.0,4039.45,0.0,0.0,0.0,500,0,0.0,0,0.0
2025-09-28 20:00:00,112163.95,0.0,0.0,0.0,4142.16,0.0,0.0,0.0,500,0,0.0,0,0.0
2025-09-29 00:00:00,111857.51,0.0,0.0,0.0,4121.8,0.0,0.0,0.0,500,0,0.0,0,0.0
2025-09-29 04:00:00,111865.95,0.0,0.0,0.0,4108.25,0.0,0.0,0.0,500,0,0.0,0,0.0
2025-09-29 08:00:00,112100.0,0.0,0.0,0.0,4103.21,0.0,0.0,0.0,500,0,0.0,0,0.0
2025-09-29 12:00:00,113815.57,0.0,0.0,0.0,4164.8,0.0,0.0,0.0,500,0,0.0,0,0.0
2025-09-29 16:00:00,114265.55,0.0,0.0,0.0,4188.32,0.0,0.0,0.0,500,0,0.0,0,0.0
2025-09-29 20:00:00,114311.96,0.0,0.0,0.0,4215.07,0.0,0.0,0.0,500,0,0.0,0,0.0
2025-09-30 00:00:00,114376.39,0.0,0.0,0.0,4198.68,0.0,0.0,0.0,500,0,0.0,0,0.0
2025-09-30 04:00:00,113699.23,0.0,0.0,0.0,4182.13,0.0,0.0,0.0,500,0,0.0,0,0.0
2025-09-30 08:00:00,113055.01,0.0,0.0,0.0,4165.39,0.0,0.0,0.0,500,0,0.0,0,0.0
2025-09-30 12:00:00,113106.16,0.0,0.0,0.0,4119.87,0.0,0.0,0.0,500,0,0.0,0,0.0
2025-09-30 16:00:00,114359.99,0.0,0.0,0.0,4160.1,0.0,0.0,0.0,500,0,0.0,0,0.0
2025-09-30 20:00:00,114048.93,0.0,0.0,0.0,4145.15,0.0,0.0,0.0,500,0,0.0,0,0.0
2025-10-01 00:00:00,114176.92,0.0,0.0,0.0,4128.66,0.0,0.0,0.0,500,0,0.0,0,0.0
2025-10-01 04:00:00,114539.02,0.0,0.0,0.0,4145.8,0.0,0.0,0.0,500,0,0.0,0,0.0
2025-10-01 08:00:00,116789.58,0.0,0.0,0.0,4298.2,0.0,0.0,0.0,500,0,0.0,0,0.0
2025-10-01 12:00:00,117423.73,0.0,0.0,0.0,4327.23,0.0,0.0,0.0,500,0,0.0,0,0.0
2025-10-01 16:00:00,117439.53,0.0,0.0,0.0,4334.53,0.0,0.0,0.0,500,0,0.0,0,0.0
2025-10-01 20:00:00,118594.99,0.0,0.0,0.0,4348.03,0.0,0.0,0.0,500,0,0.0,0,0.0
2025-10-02 00:00:00,118733.99,0.0,0.0,0.0,4376.3,0.0,0.0,0.0,500,0,0.0,0,0.0
2025-10-02 04:00:00,118489.76,0.0,0.0,0.0,4375.78,0.0,0.0,0.0,500,0,0.0,0,0.0
2025-10-02 08:00:00,118765.73,0.0,0.0,0.0,4378.93,0.0,0.0,0.0,500,0,0.0,0,0.0
2025-10-02 12:00:00,119910.78,0.0,0.0,0.0,4437.09,0.0,0.0,0.0,500,0,0.0,0,0.0
2025-10-02 16:00:00,120836.49,0.0,0.0,0.0,4495.61,0.0,0.0,0.0,500,0,0.0,0,0.0
2025-10-02 20:00:00,120529.35,0.0,0.0,0.0,4484.35,0.0,0.0,0.0,500,0,0.0,0,0.0
2025-10-03 00:00:00,120225.89,0.0,0.0,0.0,4500.59,0.0,0.0,0.0,500,0,0.0,0,0.0
2025-10-03 04:00:00,119640.21,0.0,0.0,0.0,4462.33,0.0,0.0,0.0,500,0,0.0,0,0.0
2025-10-03 08:00:00,120334.5,0.0,0.0,0.0,4478.45,0.0,0.0,0.0,500,0,0.0,0,0.0
2025-10-03 12:00:00,122258.05,0.0,0.0,0.0,4534.75,0.0,0.0,0.0,500,0,0.0,0,0.0
2025-10-03 16:00:00,122660.99,0.0,0.0,0.0,4519.48,0.0,0.0,0.0,500,0,0.0,0,0.0
2025-10-03 20:00:00,122232.0,0.0,0.0,0.0,4512.87,0.0,0.0,0.0,500,0,0.0,0,0.0
2025-10-04 00:00:00,122243.99,0.0,0.0,0.0,4487.06,0.0,0.0,0.0,500,0,0.0,0,0.0
2025-10-04 04:00:00,122324.08,0.0,0.0,0.0,4498.29,0.0,0.0,0.0,500,0,0.0,0,0.0
2025-10-04 08:00:00,121973.26,0.0,0.0,0.0,4483.83,0.0,0.0,0.0,500,0,0.0,0,0.0
2025-10-04 12:00:00,121791.31,0.0,0.0,0.0,4455.05,0.0,0.0,0.0,500,0,0.0,0,0.0
2025-10-04 16:00:00,121959.25,0.0,0.0,0.0,4467.12,0.0,0.0,0.0,500,0,0.0,0,0.0
2025-10-04 20:00:00,122391.0,0.0,0.0,0.0,4487.15,0.0,0.0,0.0,500,0,0.0,0,0.0
2025-10-05 00:00:00,123776.22,0.0,0.0,0.0,4531.54,0.0,0.0,0.0,500,0,0.0,0,0.0
2025-10-05 04:00:00,124713.63,0.0,0.0,0.0,4605.97,0.0,0.0,0.0,500,0,0.0,0,0.0
2025-10-05 08:00:00,123464.64,0.0,0.0,0.0,4551.06,0.0,0.0,0.0,500,0,0.0,0,0.0
2025-10-05 12:00:00,122803.17,0.0,0.0,0.0,4532.0,0.0,0.0,0.0,500,0,0.0,0,0.0
2025-10-05 16:00:00,122591.79,0.0,0.0,0.0,4487.26,0.0,0.0,0.0,500,0,0.0,0,0.0
2025-10-05 20:00:00,123482.31,0.0,0.0,0.0,4514.32,0.0,0.0,0.0,500,0,0.0,0,0.0
2025-10-06 00:00:00,123839.09,0.0,0.0,0.0,4537.08,0.0,0.0,0.0,500,0,0.0,0,0.0
2025-10-06 04:00:00,123390.47,0.0,0.0,0.0,4533.19,0.0,0.0,0.0,500,0,0.0,0,0.0
2025-10-06 08:00:00,124215.0,0.0,0.0,0.0,4571.71,0.0,0.0,0.0,500,0,0.0,0,0.0
2025-10-06 12:00:00,125000.0,0.0,0.0,0.0,4673.39,0.0,0.0,0.0,500,0,0.0,0,0.0
2025-10-06 16:00:00,125410.81,0.0,0.0,0.0,4722.62,0.0,0.0,0.0,500,0,0.0,0,0.0
2025-10-06 20:00:00,124658.54,0.0,0.0,0.0,4684.01,0.0,0.0,0.0,500,0,0.0,0,0.0
2025-10-07 00:00:00,124329.74,0.0,0.0,0.0,4690.59,0.0,0.0,0.0,500,0,0.0,0,0.0
2025-10-07 04:00:00,123667.99,0.0,0.0,0.0,4678.19,0.0,0.0,0.0,500,0,0.0,0,0.0
2025-10-07 08:00:00,124453.38,0.0,0.0,0.0,4708.81,0.0,0.0,0.0,500,0,0.0,0,0.0
2025-10-07 12:00:00,121846.01,0.0,0.0,0.0,4511.99,0.0,0.0,0.0,500,0,0.0,0,0.0
2025-10-07 16:00:00,121637.17,0.0,0.0,0.0,4479.44,0.0,0.0,0.0,500,0,0.0,0,0.0
2025-10-07 20:00:00,121332.95,0.0,0.0,0.0,4447.7,0.0,0.0,0.0,500,0,0.0,0,0.0
2025-10-08 00:00:00,121374.75,0.0,0.0,0.0,4443.6,0.0,0.0,0.0,500,0,0.0,0,0.0
2025-10-08 04:00:00,121597.06,0.0,0.0,0.0,4463.48,0.0,0.0,0.0,500,0,0.0,0,0.0
2025-10-08 08:00:00,122884.14,0.0,0.0,0.0,4487.3,0.0,0.0,0.0,500,0,0.0,0,0.0
2025-10-08 12:00:00,122189.72,0.0,0.0,0.0,4447.14,0.0,0.0,0.0,500,0,0.0,0,0.0
2025-10-08 16:00:00,123450.0,0.0,0.0,0.0,4515.27,0.0,0.0,0.0,500,0,0.0,0,0.0
2025-10-08 20:00:00,123306.0,0.0,0.0,0.0,4525.72,0.0,0.0,0.0,500,0,0.0,0,0.0
2025-10-09 00:00:00,122038.01,0.0,0.0,0.0,4450.8,0.0,0.0,0.0,500,0,0.0,0,0.0
2025-10-09 04:00:00,121906.1,0.0,0.0,0.0,4426.6,0.0,0.0,0.0,500,0,0.0,0,0.0
2025-10-09 08:00:00,122737.57,0.0,0.0,0.0,4373.05,0.0,0.0,0.0,500,0,0.0,0,0.0
2025-10-09 12:00:00,121147.14,0.0,0.0,0.0,4314.79,0.0,0.0,0.0,500,0,0.0,0,0.0
2025-10-09 16:00:00,120951.72,0.0,0.0,0.0,4338.0,0.0,0.0,0.0,500,0,0.0,0,0.0
2025-10-09 20:00:00,121662.4,0.0,0.0,0.0,4368.09,0.0,0.0,0.0,500,0,0.0,0,0.0
2025-10-10 00:00:00,121026.01,0.0,0.0,0.0,4347.13,0.0,0.0,0.0,500,0,0.0,0,0.0
2025-10-10 04:00:00,120932.05,0.0,0.0,0.0,4323.39,0.0,0.0,0.0,500,0,0.0,0,0.0
2025-10-10 08:00:00,121554.55,0.0,0.0,0.0,4343.02,0.0,0.0,0.0,500,0,0.0,0,0.0
2025-10-10 12:00:00,119018.98,0.0,0.0,0.0,4103.11,0.0,0.0,0.0,500,0,0.0,0,0.0
2025-10-10 16:00:00,116661.5,0.0,0.0,0.0,3997.56,0.0,0.0,0.0,500,0,0.0,0,0.0
2025-10-10 20:00:00,112774.5,0.0,0.0,0.0,3829.72,0.0,0.0,0.0,500,0,0.0,0,0.0
2025-10-11 00:00:00,112300.01,0.0,0.0,0.0,3792.26,0.0,0.0,0.0,500,0,0.0,0,0.0
2025-10-11 04:00:00,110384.61,0.0,0.0,0.0,3758.81,0.0,0.0,0.0,500,0,0.0,0,0.0
2025-10-11 08:00:00,112280.0,0.0,0.0,0.0,3839.99,0.0,0.0,0.0,500,0,0.0,0,0.0
2025-10-11 12:00:00,111793.2,0.0,0.0,0.0,3825.13,0.0,0.0,0.0,500,0,0.0,0,0.0
2025-10-11 16:00:00,111178.31,0.0,0.0,0.0,3760.61,0.0,0.0,0.0,500,0,0.0,0,0.0
2025-10-11 20:00:00,110644.4,0.0,0.0,0.0,3746.79,0.0,0.0,0.0,500,0,0.0,0,0.0
2025-10-12 00:00:00,110676.0,0.0,0.0,0.0,3781.61,0.0,0.0,0.0,500,0,0.0,0,0.0
2025-10-12 04:00:00,111525.2,0.0,0.0,0.0,3827.99,0.0,0.0,0.0,500,0,0.0,0,0.0
2025-10-12 08:00:00,111848.36,0.0,0.0,0.0,3820.36,0.0,0.0,0.0,500,0,0.0,0,0.0
2025-10-12 12:00:00,113198.2,0.0,0.0,0.0,4034.59,0.0,0.0,0.0,500,0,0.0,0,0.0
2025-10-12 16:00:00,114342.28,0.0,0.0,0.0,4135.68,0.0,0.0,0.0,500,0,0.0,0,0.0
2025-10-12 20:00:00,114958.8,0.0,0.0,0.0,4152.29,0.0,0.0,0.0,500,0,0.0,0,0.0
2025-10-13 00:00:00,114821.12,0.0,0.0,0.0,4139.78,0.0,0.0,0.0,500,0,0.0,0,0.0
2025-10-13 04:00:00,115399.67,0.0,0.0,0.0,4178.3,0.0,0.0,0.0,500,0,0.0,0,0.0
2025-10-13 08:00:00,114180.0,0.0,0.0,0.0,4080.39,0.0,0.0,0.0,500,0,0.0,0,0.0
2025-10-13 12:00:00,114312.1,0.0,0.0,0.0,4135.0,0.0,0.0,0.0,500,0,0.0,0,0.0
2025-10-13 16:00:00,115792.84,0.0,0.0,0.0,4251.96,0.0,0.0,0.0,500,0,0.0,0,0.0
2025-10-13 20:00:00,115166.0,0.0,0.0,0.0,4240.85,0.0,0.0,0.0,500,0,0.0,0,0.0
2025-10-14 00:00:00,113500.0,0.0,0.0,0.0,4153.56,0.0,0.0,0.0,500,0,0.0,0,0.0
2025-10-14 04:00:00,111724.41,0.0,0.0,0.0,3981.19,0.0,0.0,0.0,500,0,0.0,0,0.0
2025-10-14 08:00:00,111313.98,0.0,0.0,0.0,3971.85,0.0,0.0,0.0,500,0,0.0,0,0.0
2025-10-14 12:00:00,112900.43,0.0,0.0,0.0,4085.4,0.0,0.0,0.0,500,0,0.0,0,0.0
2025-10-14 16:00:00,112613.7,0.0,0.0,0.0,4102.94,0.0,0.0,0.0,500,0,0.0,0,0.0
2025-10-14 20:00:00,113028.14,0.0,0.0,0.0,4125.02,0.0,0.0,0.0,500,0,0.0,0,0.0
2025-10-15 00:00:00,112024.29,0.0,0.0,0.0,4080.7,0.0,0.0,0.0,500,0,0.0,0,0.0
2025-10-15 04:00:00,112584.5,0.0,0.0,0.0,4122.04,0.0,0.0,0.0,500,0,0.0,0,0.0
2025-10-15 08:00:00,111905.73,0.0,0.0,0.0,4099.9,0.0,0.0,0.0,500,0,0.0,0,0.0
2025-10-15 12:00:00,110798.01,0.0,0.0,0.0,3980.97,0.0,0.0,0.0,500,0,0.0,0,0.0
2025-10-15 16:00:00,111271.73,0.0,0.0,0.0,3983.21,0.0,0.0,0.0,500,0,0.0,0,0.0
2025-10-15 20:00:00,110763.28,0.0,0.0,0.0,3985.61,0.0,0.0,0.0,500,0,0.0,0,0.0
2025-10-16 00:00:00,111329.48,0.0,0.0,0.0,4014.85,0.0,0.0,0.0,500,0,0.0,0,0.0
2025-10-16 04:00:00,110584.2,0.0,0.0,0.0,4004.3,0.0,0.0,0.0,500,0,0.0,0,0.0
2025-10-16 08:00:00,111404.72,0.0,0.0,0.0,4061.85,0.0,0.0,0.0,500,0,0.0,0,0.0
2025-10-16 12:00:00,108549.21,0.0,0.0,0.0,3907.18,0.0,0.0,0.0,500,0,0.0,0,0.0
2025-10-16 16:00:00,108197.66,0.0,0.0,0.0,3867.01,0.0,0.0,0.0,500,0,0.0,0,0.0
2025-10-16 20:00:00,108194.28,0.0,0.0,0.0,3894.51,0.0,0.0,0.0,500,0,0.0,0,0.0
2025-10-17 00:00:00,109176.74,0.0,0.0,0.0,3933.25,0.0,0.0,0.0,500,0,0.0,0,0.0
2025-10-17 04:00:00,105633.75,0.0,0.0,0.0,3756.49,0.0,0.0,0.0,500,0,0.0,0,0.0
2025-10-17 08:00:00,105683.72,0.0,0.0,0.0,3778.54,0.0,0.0,0.0,500,0,0.0,0,0.0
2025-10-17 12:00:00,106803.53,0.0,0.0,0.0,3797.75,0.0,0.0,0.0,500,0,0.0,0,0.0
2025-10-17 16:00:00,106454.72,0.0,0.0,0.0,3827.76,0.0,0.0,0.0,500,0,0.0,0,0.0
2025-10-17 20:00:00,106431.68,0.0,0.0,0.0,3831.57,0.0,0.0,0.0,500,0,0.0,0,0.0
2025-10-18 00:00:00,107070.4,0.0,0.0,0.0,3870.57,0.0,0.0,0.0,500,0,0.0,0,0.0
2025-10-18 04:00:00,106884.92,0.0,0.0,0.0,3869.69,0.0,0.0,0.0,500,0,0.0,0,0.0
