timestamp,symbol,price,signal,confidence,quality,portfolio_value,total_pnl,return_pct,total_trades,fees_paid
2025-07-27 00:00:00,BTCUSDT,118182.83,0.5,0.5,0.5,500.0,0.0,0.0,1,0.1
2025-07-27 04:00:00,ETHUSDT,3768.01,0.5,0.5,0.5,500.0,0.0,0.0,2,0.18
2025-07-27 08:00:00,BTCUSDT,118072.71,0.5,0.5,0.5,500.0,0.0,0.0,2,0.18
2025-07-27 12:00:00,ETHUSDT,3818.53,0.5,0.5,0.5,500.0,0.0,0.0,2,0.18
2025-07-27 16:00:00,BTCUSDT,118960.0,0.5,0.5,0.5,500.0,0.0,0.0,2,0.18
2025-07-27 20:00:00,ETHUSDT,3872.1,0.5,0.5,0.5,500.0,0.0,0.0,2,0.18
2025-07-28 00:00:00,BTCUSDT,119287.99,0.5,0.5,0.5,500.0,0.0,0.0,2,0.18
2025-07-28 04:00:00,ETHUSDT,3893.0,0.5,0.5,0.5,500.0,0.0,0.0,2,0.18
2025-07-28 08:00:00,BTCUSDT,118827.49,0.5,0.5,0.5,500.0,0.0,0.0,2,0.18
2025-07-28 12:00:00,ETHUSDT,3808.11,0.5,0.5,0.5,500.0,0.0,0.0,2,0.18
2025-07-28 16:00:00,BTCUSDT,118068.73,0.5,0.5,0.5,500.0,0.0,0.0,2,0.18
2025-07-28 20:00:00,ETHUSDT,3799.0,0.5,0.5,0.5,500.0,0.0,0.0,2,0.18
2025-07-29 00:00:00,BTCUSDT,118764.85,0.5,0.5,0.5,500.0,0.0,0.0,2,0.18
2025-07-29 04:00:00,ETHUSDT,3877.36,0.5,0.5,0.5,500.0,0.0,0.0,2,0.18
2025-07-29 08:00:00,BTCUSDT,118592.38,0.5,0.5,0.5,500.0,0.0,0.0,2,0.18
2025-07-29 12:00:00,ETHUSDT,3761.57,0.5,0.5,0.5,500.0,0.0,0.0,2,0.18
2025-07-29 16:00:00,BTCUSDT,117525.29,0.5,0.5,0.5,500.0,0.0,0.0,2,0.18
2025-07-29 20:00:00,ETHUSDT,3793.79,0.5,0.5,0.5,500.0,0.0,0.0,2,0.18
2025-07-30 00:00:00,BTCUSDT,118161.87,0.5,0.5,0.5,500.0,0.0,0.0,2,0.18
2025-07-30 04:00:00,ETHUSDT,3811.44,0.5,0.5,0.5,500.0,0.0,0.0,2,0.18
2025-07-30 08:00:00,BTCUSDT,117579.99,0.5,0.5,0.5,500.0,0.0,0.0,2,0.18
2025-07-30 12:00:00,ETHUSDT,3797.25,0.5,0.5,0.5,500.0,0.0,0.0,2,0.18
2025-07-30 16:00:00,BTCUSDT,116916.73,0.5,0.5,0.5,500.0,0.0,0.0,2,0.18
2025-07-30 20:00:00,ETHUSDT,3810.0,0.5,0.5,0.5,500.0,0.0,0.0,2,0.18
2025-07-31 00:00:00,BTCUSDT,118466.14,0.5,0.5,0.5,500.0,0.0,0.0,2,0.18
2025-07-31 04:00:00,ETHUSDT,3863.81,0.5,0.5,0.5,500.0,0.0,0.0,2,0.18
2025-07-31 08:00:00,BTCUSDT,118371.25,0.5,0.5,0.5,500.0,0.0,0.0,2,0.18
2025-07-31 12:00:00,ETHUSDT,3788.38,0.5,0.5,0.5,500.0,0.0,0.0,2,0.18
2025-07-31 16:00:00,BTCUSDT,116785.79,0.5,0.5,0.5,500.0,0.0,0.0,2,0.18
2025-07-31 20:00:00,ETHUSDT,3698.39,0.5,0.5,0.5,500.0,0.0,0.0,2,0.18
2025-08-01 00:00:00,BTCUSDT,115648.03,0.5,0.5,0.5,500.0,0.0,0.0,2,0.18
2025-08-01 04:00:00,ETHUSDT,3650.74,0.5,0.5,0.5,500.0,0.0,0.0,2,0.18
2025-08-01 08:00:00,BTCUSDT,115305.65,0.5,0.5,0.5,500.0,0.0,0.0,2,0.18
2025-08-01 12:00:00,ETHUSDT,3616.1,0.5,0.5,0.5,496.7747431668175,0.0,-0.6450513666365055,3,0.2593549486333635
2025-08-01 16:00:00,BTCUSDT,113328.68,0.5,0.5,0.5,492.66742063950954,0.0,-1.466515872098091,4,0.3420174430345927
2025-08-01 20:00:00,ETHUSDT,3488.2,0.5,0.5,0.5,492.66742063950954,0.0,-1.466515872098091,4,0.3420174430345927
2025-08-02 00:00:00,BTCUSDT,113909.86,0.5,0.5,0.5,492.66742063950954,0.0,-1.466515872098091,4,0.3420174430345927
2025-08-02 04:00:00,ETHUSDT,3519.16,0.5,0.5,0.5,492.66742063950954,0.0,-1.466515872098091,4,0.3420174430345927
2025-08-02 08:00:00,BTCUSDT,113787.12,0.5,0.5,0.5,492.66742063950954,0.0,-1.466515872098091,4,0.3420174430345927
2025-08-02 12:00:00,ETHUSDT,3459.33,0.5,0.5,0.5,489.22711885104894,0.0,-2.1545762297902114,5,0.42333036792455664
2025-08-02 16:00:00,BTCUSDT,112229.42,0.5,0.5,0.5,489.22711885104894,0.0,-2.1545762297902114,5,0.42333036792455664
2025-08-02 20:00:00,ETHUSDT,3393.94,0.5,0.5,0.5,489.22711885104894,0.0,-2.1545762297902114,5,0.42333036792455664
2025-08-03 00:00:00,BTCUSDT,113604.2,0.5,0.5,0.5,489.22711885104894,0.0,-2.1545762297902114,5,0.42333036792455664
2025-08-03 04:00:00,ETHUSDT,3456.25,0.5,0.5,0.5,489.22711885104894,0.0,-2.1545762297902114,5,0.42333036792455664
2025-08-03 08:00:00,BTCUSDT,113862.18,0.5,0.5,0.5,489.22711885104894,0.0,-2.1545762297902114,5,0.42333036792455664
2025-08-03 12:00:00,ETHUSDT,3476.49,0.5,0.5,0.5,489.22711885104894,0.0,-2.1545762297902114,5,0.42333036792455664
2025-08-03 16:00:00,BTCUSDT,114313.19,0.5,0.5,0.5,489.22711885104894,0.0,-2.1545762297902114,5,0.42333036792455664
2025-08-03 20:00:00,ETHUSDT,3496.74,0.5,0.5,0.5,489.22711885104894,0.0,-2.1545762297902114,5,0.42333036792455664
2025-08-04 00:00:00,BTCUSDT,114570.61,0.5,0.5,0.5,489.22711885104894,0.0,-2.1545762297902114,5,0.42333036792455664
2025-08-04 04:00:00,ETHUSDT,3551.99,0.5,0.5,0.5,489.22711885104894,0.0,-2.1545762297902114,5,0.42333036792455664
2025-08-04 08:00:00,BTCUSDT,114493.09,0.5,0.6000000000000001,0.4800000000000001,489.22711885104894,0.0,-2.1545762297902114,5,0.42333036792455664
2025-08-04 12:00:00,ETHUSDT,3648.89,0.30000000000000004,0.8999999999999999,0.72,489.22711885104894,0.0,-2.1545762297902114,5,0.42333036792455664
2025-08-04 16:00:00,BTCUSDT,114777.62,0.15,0.7,0.5599999999999999,489.22711885104894,0.0,-2.1545762297902114,5,0.42333036792455664
2025-08-04 20:00:00,ETHUSDT,3720.99,0.30000000000000004,0.8999999999999999,0.72,489.22711885104894,0.0,-2.1545762297902114,5,0.42333036792455664
2025-08-05 00:00:00,BTCUSDT,114256.85,0.15,0.7,0.5599999999999999,489.22711885104894,0.0,-2.1545762297902114,5,0.42333036792455664
2025-08-05 04:00:00,ETHUSDT,3613.49,0.30000000000000004,0.8999999999999999,0.72,489.22711885104894,0.0,-2.1545762297902114,5,0.42333036792455664
2025-08-05 08:00:00,BTCUSDT,114827.07,0.15,0.7,0.5599999999999999,489.22711885104894,0.0,-2.1545762297902114,5,0.42333036792455664
2025-08-05 12:00:00,ETHUSDT,3570.43,0.2,0.8999999999999999,0.72,489.22711885104894,0.0,-2.1545762297902114,5,0.42333036792455664
2025-08-05 16:00:00,BTCUSDT,113616.52,0.15,0.6000000000000001,0.4800000000000001,489.22711885104894,0.0,-2.1545762297902114,5,0.42333036792455664
2025-08-05 20:00:00,ETHUSDT,3612.0,0.2,0.8999999999999999,0.72,489.22711885104894,0.0,-2.1545762297902114,5,0.42333036792455664
2025-08-06 00:00:00,BTCUSDT,113509.97,0.30000000000000004,0.4,0.32000000000000006,489.22711885104894,0.0,-2.1545762297902114,5,0.42333036792455664
2025-08-06 04:00:00,ETHUSDT,3639.82,0.15,0.7,0.5599999999999999,489.22711885104894,0.0,-2.1545762297902114,5,0.42333036792455664
2025-08-06 08:00:00,BTCUSDT,114226.69,0.7,0.8,0.6400000000000001,489.22711885104894,0.0,-2.1545762297902114,5,0.42333036792455664
2025-08-06 12:00:00,ETHUSDT,3664.69,0.7,0.8,0.6400000000000001,489.22711885104894,0.0,-2.1545762297902114,5,0.42333036792455664
2025-08-06 16:00:00,BTCUSDT,115259.99,0.5,0.6000000000000001,0.4800000000000001,489.22711885104894,0.0,-2.1545762297902114,5,0.42333036792455664
2025-08-06 20:00:00,ETHUSDT,3683.31,0.7,0.8,0.6400000000000001,489.22711885104894,0.0,-2.1545762297902114,5,0.42333036792455664
2025-08-07 00:00:00,BTCUSDT,114546.03,0.5,0.6000000000000001,0.4800000000000001,489.22711885104894,0.0,-2.1545762297902114,5,0.42333036792455664
2025-08-07 04:00:00,ETHUSDT,3702.4,0.8,0.9000000000000001,0.7200000000000002,489.22711885104894,0.0,-2.1545762297902114,5,0.42333036792455664
2025-08-07 08:00:00,BTCUSDT,116519.53,0.15,0.7,0.5599999999999999,489.22711885104894,0.0,-2.1545762297902114,5,0.42333036792455664
2025-08-07 12:00:00,ETHUSDT,3837.01,0.4,1.0,0.8,498.1046371775577,0.0,-0.379072564488456,6,0.5064187964798224
2025-08-07 16:00:00,BTCUSDT,117461.98,0.30000000000000004,0.8999999999999999,0.72,498.1046371775577,0.0,-0.379072564488456,6,0.5064187964798224
2025-08-07 20:00:00,ETHUSDT,3910.31,0.4,1.0,0.8,498.1046371775577,0.0,-0.379072564488456,6,0.5064187964798224
2025-08-08 00:00:00,BTCUSDT,116737.35,0.4,1.0,0.8,498.1046371775577,0.0,-0.379072564488456,6,0.5064187964798224
2025-08-08 04:00:00,ETHUSDT,3915.97,0.4,1.0,0.8,498.1046371775577,0.0,-0.379072564488456,6,0.5064187964798224
2025-08-08 08:00:00,BTCUSDT,116891.51,0.20000000000000004,0.7999999999999999,0.64,498.1046371775577,0.0,-0.379072564488456,6,0.5064187964798224
2025-08-08 12:00:00,ETHUSDT,3954.56,0.4,1.0,0.8,498.1046371775577,0.0,-0.379072564488456,6,0.5064187964798224
2025-08-08 16:00:00,BTCUSDT,116453.41,0.20000000000000004,0.7999999999999999,0.64,498.1046371775577,0.0,-0.379072564488456,6,0.5064187964798224
2025-08-08 20:00:00,ETHUSDT,4009.5,0.4,1.0,0.8,498.1046371775577,0.0,-0.379072564488456,6,0.5064187964798224
2025-08-09 00:00:00,BTCUSDT,116384.01,0.6,0.7000000000000001,0.56,498.1046371775577,0.0,-0.379072564488456,6,0.5064187964798224
2025-08-09 04:00:00,ETHUSDT,4170.64,0.4,1.0,0.8,505.3292189271214,0.0,1.0658437854242835,7,0.5909521413850009
2025-08-09 08:00:00,BTCUSDT,117110.0,0.20000000000000004,0.7999999999999999,0.64,505.3292189271214,0.0,1.0658437854242835,7,0.5909521413850009
2025-08-09 12:00:00,ETHUSDT,4209.57,0.4,1.0,0.8,505.3292189271214,0.0,1.0658437854242835,7,0.5909521413850009
2025-08-09 16:00:00,BTCUSDT,116535.69,0.30000000000000004,0.6,0.48,505.3292189271214,0.0,1.0658437854242835,7,0.5909521413850009
2025-08-09 20:00:00,ETHUSDT,4260.62,0.4,1.0,0.8,505.3292189271214,0.0,1.0658437854242835,7,0.5909521413850009
2025-08-10 00:00:00,BTCUSDT,118500.0,0.8,0.9000000000000001,0.7200000000000002,505.3292189271214,0.0,1.0658437854242835,7,0.5909521413850009
2025-08-10 04:00:00,ETHUSDT,4185.12,0.20000000000000004,0.7999999999999999,0.64,505.3292189271214,0.0,1.0658437854242835,7,0.5909521413850009
2025-08-10 08:00:00,BTCUSDT,118330.58,0.4,1.0,0.8,505.3292189271214,0.0,1.0658437854242835,7,0.5909521413850009
2025-08-10 12:00:00,ETHUSDT,4217.94,0.20000000000000004,0.7999999999999999,0.64,505.3292189271214,0.0,1.0658437854242835,7,0.5909521413850009
2025-08-10 16:00:00,BTCUSDT,118663.08,0.4,1.0,0.8,505.3292189271214,0.0,1.0658437854242835,7,0.5909521413850009
2025-08-10 20:00:00,ETHUSDT,4250.57,-0.15,0.7000000000000001,0.56,505.3292189271214,0.0,1.0658437854242835,7,0.5909521413850009
2025-08-11 00:00:00,BTCUSDT,121728.99,0.4,1.0,0.8,505.3292189271214,0.0,1.0658437854242835,7,0.5909521413850009
2025-08-11 04:00:00,ETHUSDT,4273.69,0.15,0.9000000000000001,0.7200000000000002,505.3292189271214,0.0,1.0658437854242835,7,0.5909521413850009
2025-08-11 08:00:00,BTCUSDT,120561.54,0.4,1.0,0.8,505.3292189271214,0.0,1.0658437854242835,7,0.5909521413850009
2025-08-11 12:00:00,ETHUSDT,4329.74,0.15,0.9000000000000001,0.7200000000000002,505.3292189271214,0.0,1.0658437854242835,7,0.5909521413850009
2025-08-11 16:00:00,BTCUSDT,119089.3,0.6,0.7000000000000001,0.56,505.3292189271214,0.0,1.0658437854242835,7,0.5909521413850009
2025-08-11 20:00:00,ETHUSDT,4223.22,0.15,0.8,0.6400000000000001,505.3292189271214,0.0,1.0658437854242835,7,0.5909521413850009
2025-08-12 00:00:00,BTCUSDT,118857.7,-0.30000000000000004,0.9000000000000001,0.7200000000000002,505.3292189271214,0.0,1.0658437854242835,7,0.5909521413850009
2025-08-12 04:00:00,ETHUSDT,4315.57,0.5,0.8,0.6400000000000001,505.3292189271214,0.0,1.0658437854242835,7,0.5909521413850009
2025-08-12 08:00:00,BTCUSDT,118522.22,-0.15,0.6000000000000001,0.4800000000000001,505.3292189271214,0.0,1.0658437854242835,7,0.5909521413850009
2025-08-12 12:00:00,ETHUSDT,4472.62,0.15,0.9000000000000001,0.7200000000000002,505.3292189271214,0.0,1.0658437854242835,7,0.5909521413850009
2025-08-12 16:00:00,BTCUSDT,119665.27,0.30000000000000004,0.6,0.48,505.3292189271214,0.0,1.0658437854242835,7,0.5909521413850009
2025-08-12 20:00:00,ETHUSDT,4590.52,0.4,1.0,0.8,513.839630005226,0.0,2.7679260010452027,8,0.6771875685058002
2025-08-13 00:00:00,BTCUSDT,119482.01,0.30000000000000004,0.6,0.48,513.839630005226,0.0,2.7679260010452027,8,0.6771875685058002
2025-08-13 04:00:00,ETHUSDT,4625.59,0.4,1.0,0.8,513.839630005226,0.0,2.7679260010452027,8,0.6771875685058002
2025-08-13 08:00:00,BTCUSDT,120570.41,0.30000000000000004,0.6,0.48,513.839630005226,0.0,2.7679260010452027,8,0.6771875685058002
2025-08-13 12:00:00,ETHUSDT,4664.38,0.4,1.0,0.8,513.839630005226,0.0,2.7679260010452027,8,0.6771875685058002
2025-08-13 16:00:00,BTCUSDT,122744.21,0.4,1.0,0.8,520.7073637149067,0.0,4.141472742981342,9,0.7640819558246217
2025-08-13 20:00:00,ETHUSDT,4749.3,0.4,1.0,0.8,520.7073637149067,0.0,4.141472742981342,9,0.7640819558246217
2025-08-14 00:00:00,BTCUSDT,123337.14,0.4,1.0,0.8,520.7073637149067,0.0,4.141472742981342,9,0.7640819558246217
2025-08-14 04:00:00,ETHUSDT,4748.37,0.4,1.0,0.8,520.7073637149067,0.0,4.141472742981342,9,0.7640819558246217
2025-08-14 08:00:00,BTCUSDT,120949.67,0.20000000000000004,0.7999999999999999,0.64,520.7073637149067,0.0,4.141472742981342,9,0.7640819558246217
2025-08-14 12:00:00,ETHUSDT,4618.87,-0.30000000000000004,0.9000000000000001,0.7200000000000002,520.7073637149067,0.0,4.141472742981342,9,0.7640819558246217
2025-08-14 16:00:00,BTCUSDT,117945.92,-0.15,0.6000000000000001,0.4800000000000001,520.7073637149067,0.0,4.141472742981342,9,0.7640819558246217
2025-08-14 20:00:00,ETHUSDT,4546.84,-0.15,0.6000000000000001,0.4800000000000001,520.7073637149067,0.0,4.141472742981342,9,0.7640819558246217
2025-08-15 00:00:00,BTCUSDT,118968.91,-0.15,0.6000000000000001,0.4800000000000001,520.7073637149067,0.0,4.141472742981342,9,0.7640819558246217
2025-08-15 04:00:00,ETHUSDT,4640.16,0.15,0.8,0.6400000000000001,520.7073637149067,0.0,4.141472742981342,9,0.7640819558246217
2025-08-15 08:00:00,BTCUSDT,119006.01,0.15,0.4,0.32000000000000006,520.7073637149067,0.0,4.141472742981342,9,0.7640819558246217
2025-08-15 12:00:00,ETHUSDT,4430.86,0.2,0.7,0.5599999999999999,520.7073637149067,0.0,4.141472742981342,9,0.7640819558246217
2025-08-15 16:00:00,BTCUSDT,116936.27,0.2,0.7,0.5599999999999999,516.5957450252391,0.0,3.319149005047825,10,0.8501540194055096
2025-08-15 20:00:00,ETHUSDT,4439.47,0.2,0.7,0.5599999999999999,516.5957450252391,0.0,3.319149005047825,10,0.8501540194055096
2025-08-16 00:00:00,BTCUSDT,117429.63,0.2,0.7,0.5599999999999999,516.5957450252391,0.0,3.319149005047825,10,0.8501540194055096
2025-08-16 04:00:00,ETHUSDT,4451.83,0.2,0.7,0.5599999999999999,516.5957450252391,0.0,3.319149005047825,10,0.8501540194055096
2025-08-16 08:00:00,BTCUSDT,117378.52,0.3,0.5,0.4,516.5957450252391,0.0,3.319149005047825,10,0.8501540194055096
2025-08-16 12:00:00,ETHUSDT,4400.42,0.3,0.5,0.4,513.0246126272398,0.0,2.604922525447955,11,0.9355445292147799
2025-08-16 16:00:00,BTCUSDT,117672.12,0.3,0.5,0.4,513.0246126272398,0.0,2.604922525447955,11,0.9355445292147799
2025-08-16 20:00:00,ETHUSDT,4421.99,0.3,0.5,0.4,513.0246126272398,0.0,2.604922525447955,11,0.9355445292147799
2025-08-17 00:00:00,BTCUSDT,117684.95,0.2,0.30000000000000004,0.24000000000000005,513.0246126272398,0.0,2.604922525447955,11,0.9355445292147799
2025-08-17 04:00:00,ETHUSDT,4467.12,0.30000000000000004,0.6000000000000001,0.4800000000000001,513.0246126272398,0.0,2.604922525447955,11,0.9355445292147799
2025-08-17 08:00:00,BTCUSDT,118308.01,0.5,0.6000000000000001,0.4800000000000001,513.0246126272398,0.0,2.604922525447955,11,0.9355445292147799
2025-08-17 12:00:00,ETHUSDT,4561.99,0.5,0.8,0.6400000000000001,513.0246126272398,0.0,2.604922525447955,11,0.9355445292147799
2025-08-17 16:00:00,BTCUSDT,117570.07,0.5,0.5,0.4,513.0246126272398,0.0,2.604922525447955,11,0.9355445292147799
2025-08-17 20:00:00,ETHUSDT,4472.33,0.15,0.4,0.32000000000000006,513.0246126272398,0.0,2.604922525447955,11,0.9355445292147799
2025-08-18 00:00:00,BTCUSDT,115319.0,0.2,0.6000000000000001,0.4800000000000001,513.0246126272398,0.0,2.604922525447955,11,0.9355445292147799
2025-08-18 04:00:00,ETHUSDT,4257.47,0.2,0.7,0.5599999999999999,513.0246126272398,0.0,2.604922525447955,11,0.9355445292147799
2025-08-18 08:00:00,BTCUSDT,114947.27,0.2,0.6000000000000001,0.4800000000000001,513.0246126272398,0.0,2.604922525447955,11,0.9355445292147799
2025-08-18 12:00:00,ETHUSDT,4345.52,-0.2,0.5,0.4,513.0246126272398,0.0,2.604922525447955,11,0.9355445292147799
2025-08-18 16:00:00,BTCUSDT,116313.99,0.2,0.30000000000000004,0.24000000000000005,513.0246126272398,0.0,2.604922525447955,11,0.9355445292147799
2025-08-18 20:00:00,ETHUSDT,4312.99,0.2,0.30000000000000004,0.24000000000000005,513.0246126272398,0.0,2.604922525447955,11,0.9355445292147799
2025-08-19 00:00:00,BTCUSDT,114810.0,0.19999999999999998,0.4,0.32000000000000006,513.0246126272398,0.0,2.604922525447955,11,0.9355445292147799
2025-08-19 04:00:00,ETHUSDT,4234.36,0.19999999999999998,0.4,0.32000000000000006,513.0246126272398,0.0,2.604922525447955,11,0.9355445292147799
2025-08-19 08:00:00,BTCUSDT,115508.71,0.19999999999999998,0.4,0.32000000000000006,513.0246126272398,0.0,2.604922525447955,11,0.9355445292147799
2025-08-19 12:00:00,ETHUSDT,4192.14,0.2,0.6000000000000001,0.4800000000000001,508.9829222015361,0.0,1.7965844403072195,12,1.0201267009389097
2025-08-19 16:00:00,BTCUSDT,113132.48,0.2,0.6000000000000001,0.4800000000000001,508.9829222015361,0.0,1.7965844403072195,12,1.0201267009389097
2025-08-19 20:00:00,ETHUSDT,4075.59,0.2,0.6000000000000001,0.4800000000000001,508.9829222015361,0.0,1.7965844403072195,12,1.0201267009389097
2025-08-20 00:00:00,BTCUSDT,113525.91,0.2,0.6000000000000001,0.4800000000000001,508.9829222015361,0.0,1.7965844403072195,12,1.0201267009389097
2025-08-20 04:00:00,ETHUSDT,4185.22,0.2,0.6000000000000001,0.4800000000000001,508.9829222015361,0.0,1.7965844403072195,12,1.0201267009389097
2025-08-20 08:00:00,BTCUSDT,113666.68,0.19999999999999998,0.4,0.32000000000000006,508.9829222015361,0.0,1.7965844403072195,12,1.0201267009389097
2025-08-20 12:00:00,ETHUSDT,4255.9,0.2,0.5,0.4,508.9829222015361,0.0,1.7965844403072195,12,1.0201267009389097
2025-08-20 16:00:00,BTCUSDT,114276.66,0.2,0.5,0.4,508.9829222015361,0.0,1.7965844403072195,12,1.0201267009389097
2025-08-20 20:00:00,ETHUSDT,4336.16,0.7,0.8,0.6400000000000001,508.9829222015361,0.0,1.7965844403072195,12,1.0201267009389097
2025-08-21 00:00:00,BTCUSDT,113954.62,0.5,0.5,0.4,508.9829222015361,0.0,1.7965844403072195,12,1.0201267009389097
2025-08-21 04:00:00,ETHUSDT,4310.76,0.7,0.8,0.6400000000000001,508.9829222015361,0.0,1.7965844403072195,12,1.0201267009389097
2025-08-21 08:00:00,BTCUSDT,113148.66,0.5,0.5,0.4,508.9829222015361,0.0,1.7965844403072195,12,1.0201267009389097
2025-08-21 12:00:00,ETHUSDT,4242.66,0.15,0.6000000000000001,0.4800000000000001,508.9829222015361,0.0,1.7965844403072195,12,1.0201267009389097
2025-08-21 16:00:00,BTCUSDT,112193.71,0.2,0.6000000000000001,0.4800000000000001,505.49211540689333,0.0,1.0984230813786666,13,1.1043086896754624
2025-08-21 20:00:00,ETHUSDT,4225.3,0.15,0.6000000000000001,0.4800000000000001,505.49211540689333,0.0,1.0984230813786666,13,1.1043086896754624
2025-08-22 00:00:00,BTCUSDT,112929.24,0.30000000000000004,0.4,0.32000000000000006,505.49211540689333,0.0,1.0984230813786666,13,1.1043086896754624
2025-08-22 04:00:00,ETHUSDT,4328.14,0.30000000000000004,0.8999999999999999,0.72,505.49211540689333,0.0,1.0984230813786666,13,1.1043086896754624
2025-08-22 08:00:00,BTCUSDT,112320.0,0.5,0.5,0.4,505.49211540689333,0.0,1.0984230813786666,13,1.1043086896754624
2025-08-22 12:00:00,ETHUSDT,4616.08,0.30000000000000004,0.8999999999999999,0.72,514.045686108427,0.0,2.80913722168541,14,1.1902814291498371
2025-08-22 16:00:00,BTCUSDT,116655.79,0.30000000000000004,0.8999999999999999,0.72,514.045686108427,0.0,2.80913722168541,14,1.1902814291498371
2025-08-22 20:00:00,ETHUSDT,4832.07,0.30000000000000004,0.8999999999999999,0.72,514.045686108427,0.0,2.80913722168541,14,1.1902814291498371
2025-08-23 00:00:00,BTCUSDT,115568.77,0.7,0.8,0.6400000000000001,514.045686108427,0.0,2.80913722168541,14,1.1902814291498371
2025-08-23 04:00:00,ETHUSDT,4713.88,0.30000000000000004,0.8999999999999999,0.72,514.045686108427,0.0,2.80913722168541,14,1.1902814291498371
2025-08-23 08:00:00,BTCUSDT,115310.13,0.5,0.6000000000000001,0.4800000000000001,514.045686108427,0.0,2.80913722168541,14,1.1902814291498371
2025-08-23 12:00:00,ETHUSDT,4751.0,0.2,1.0,0.8,514.045686108427,0.0,2.80913722168541,14,1.1902814291498371
2025-08-23 16:00:00,BTCUSDT,115133.91,0.3,0.8,0.6400000000000001,514.045686108427,0.0,2.80913722168541,14,1.1902814291498371
2025-08-23 20:00:00,ETHUSDT,4778.4,0.4,1.0,0.8,514.045686108427,0.0,2.80913722168541,14,1.1902814291498371
2025-08-24 00:00:00,BTCUSDT,115036.0,0.15,0.7,0.5599999999999999,514.045686108427,0.0,2.80913722168541,14,1.1902814291498371
2025-08-24 04:00:00,ETHUSDT,4758.7,0.4,1.0,0.8,514.045686108427,0.0,2.80913722168541,14,1.1902814291498371
2025-08-24 08:00:00,BTCUSDT,114730.22,0.5,0.6000000000000001,0.4800000000000001,514.045686108427,0.0,2.80913722168541,14,1.1902814291498371
2025-08-24 12:00:00,ETHUSDT,4798.32,0.20000000000000004,0.7999999999999999,0.64,514.045686108427,0.0,2.80913722168541,14,1.1902814291498371
2025-08-24 16:00:00,BTCUSDT,112600.0,-0.2,0.5,0.4,514.045686108427,0.0,2.80913722168541,14,1.1902814291498371
2025-08-24 20:00:00,ETHUSDT,4780.15,0.20000000000000004,0.7999999999999999,0.64,514.045686108427,0.0,2.80913722168541,14,1.1902814291498371
2025-08-25 00:00:00,BTCUSDT,112916.84,0.2,0.6000000000000001,0.4800000000000001,514.045686108427,0.0,2.80913722168541,14,1.1902814291498371
2025-08-25 04:00:00,ETHUSDT,4591.36,0.2,0.7,0.5599999999999999,514.045686108427,0.0,2.80913722168541,14,1.1902814291498371
2025-08-25 08:00:00,BTCUSDT,111214.97,0.2,0.6000000000000001,0.4800000000000001,514.045686108427,0.0,2.80913722168541,14,1.1902814291498371
2025-08-25 12:00:00,ETHUSDT,4612.57,0.2,0.7,0.5599999999999999,514.045686108427,0.0,2.80913722168541,14,1.1902814291498371
2025-08-25 16:00:00,BTCUSDT,110716.13,0.2,0.6000000000000001,0.4800000000000001,514.045686108427,0.0,2.80913722168541,14,1.1902814291498371
2025-08-25 20:00:00,ETHUSDT,4376.18,0.2,0.7,0.5599999999999999,509.5776395841245,0.0,1.9155279168248969,15,1.2753605593193515
2025-08-26 00:00:00,BTCUSDT,109879.56,0.2,0.6000000000000001,0.4800000000000001,509.5776395841245,0.0,1.9155279168248969,15,1.2753605593193515
2025-08-26 04:00:00,ETHUSDT,4429.7,0.2,0.7,0.5599999999999999,509.5776395841245,0.0,1.9155279168248969,15,1.2753605593193515
2025-08-26 08:00:00,BTCUSDT,109876.52,0.2,0.6000000000000001,0.4800000000000001,509.5776395841245,0.0,1.9155279168248969,15,1.2753605593193515
2025-08-26 12:00:00,ETHUSDT,4519.02,0.5,0.7,0.5599999999999999,509.5776395841245,0.0,1.9155279168248969,15,1.2753605593193515
2025-08-26 16:00:00,BTCUSDT,111116.03,0.19999999999999998,0.4,0.32000000000000006,509.5776395841245,0.0,1.9155279168248969,15,1.2753605593193515
2025-08-26 20:00:00,ETHUSDT,4600.63,0.5,0.7,0.5599999999999999,509.5776395841245,0.0,1.9155279168248969,15,1.2753605593193515
2025-08-27 00:00:00,BTCUSDT,111418.15,0.5,0.6000000000000001,0.4800000000000001,509.5776395841245,0.0,1.9155279168248969,15,1.2753605593193515
2025-08-27 04:00:00,ETHUSDT,4580.45,0.5,0.7,0.5599999999999999,509.5776395841245,0.0,1.9155279168248969,15,1.2753605593193515
2025-08-27 08:00:00,BTCUSDT,111322.07,0.5,0.6000000000000001,0.4800000000000001,509.5776395841245,0.0,1.9155279168248969,15,1.2753605593193515
2025-08-27 12:00:00,ETHUSDT,4657.57,0.8,0.9000000000000001,0.7200000000000002,509.5776395841245,0.0,1.9155279168248969,15,1.2753605593193515
2025-08-27 16:00:00,BTCUSDT,112080.69,0.5,0.6000000000000001,0.4800000000000001,509.5776395841245,0.0,1.9155279168248969,15,1.2753605593193515
2025-08-27 20:00:00,ETHUSDT,4506.71,-0.15,0.6000000000000001,0.4800000000000001,509.5776395841245,0.0,1.9155279168248969,15,1.2753605593193515
2025-08-28 00:00:00,BTCUSDT,112000.01,0.7,0.8,0.6400000000000001,509.5776395841245,0.0,1.9155279168248969,15,1.2753605593193515
2025-08-28 04:00:00,ETHUSDT,4596.82,-0.15,0.7000000000000001,0.56,509.5776395841245,0.0,1.9155279168248969,15,1.2753605593193515
2025-08-28 08:00:00,BTCUSDT,112909.18,0.15,0.7,0.5599999999999999,509.5776395841245,0.0,1.9155279168248969,15,1.2753605593193515
2025-08-28 12:00:00,ETHUSDT,4504.01,-0.2,0.5,0.4,509.5776395841245,0.0,1.9155279168248969,15,1.2753605593193515
2025-08-28 16:00:00,BTCUSDT,111901.36,0.15,0.7,0.5599999999999999,509.5776395841245,0.0,1.9155279168248969,15,1.2753605593193515
2025-08-28 20:00:00,ETHUSDT,4511.21,0.2,0.30000000000000004,0.24000000000000005,509.5776395841245,0.0,1.9155279168248969,15,1.2753605593193515
2025-08-29 00:00:00,BTCUSDT,111704.23,0.3,0.8,0.6400000000000001,509.5776395841245,0.0,1.9155279168248969,15,1.2753605593193515
2025-08-29 04:00:00,ETHUSDT,4381.03,0.2,0.6000000000000001,0.4800000000000001,509.5776395841245,0.0,1.9155279168248969,15,1.2753605593193515
2025-08-29 08:00:00,BTCUSDT,110098.81,-0.2,0.5,0.4,509.5776395841245,0.0,1.9155279168248969,15,1.2753605593193515
2025-08-29 12:00:00,ETHUSDT,4316.09,0.2,0.6000000000000001,0.4800000000000001,509.5776395841245,0.0,1.9155279168248969,15,1.2753605593193515
2025-08-29 16:00:00,BTCUSDT,108212.01,0.2,0.6000000000000001,0.4800000000000001,509.5776395841245,0.0,1.9155279168248969,15,1.2753605593193515
2025-08-29 20:00:00,ETHUSDT,4360.18,0.2,0.6000000000000001,0.4800000000000001,509.5776395841245,0.0,1.9155279168248969,15,1.2753605593193515
2025-08-30 00:00:00,BTCUSDT,108436.2,0.2,0.6000000000000001,0.4800000000000001,509.5776395841245,0.0,1.9155279168248969,15,1.2753605593193515
2025-08-30 04:00:00,ETHUSDT,4402.39,0.2,0.5,0.4,509.5776395841245,0.0,1.9155279168248969,15,1.2753605593193515
2025-08-30 08:00:00,BTCUSDT,108680.01,0.19999999999999998,0.4,0.32000000000000006,509.5776395841245,0.0,1.9155279168248969,15,1.2753605593193515
2025-08-30 12:00:00,ETHUSDT,4376.35,0.19999999999999998,0.4,0.32000000000000006,509.5776395841245,0.0,1.9155279168248969,15,1.2753605593193515
2025-08-30 16:00:00,BTCUSDT,108828.33,0.19999999999999998,0.4,0.32000000000000006,509.5776395841245,0.0,1.9155279168248969,15,1.2753605593193515
2025-08-30 20:00:00,ETHUSDT,4373.7,0.19999999999999998,0.4,0.32000000000000006,509.5776395841245,0.0,1.9155279168248969,15,1.2753605593193515
2025-08-31 00:00:00,BTCUSDT,109223.84,0.19999999999999998,0.4,0.32000000000000006,509.5776395841245,0.0,1.9155279168248969,15,1.2753605593193515
2025-08-31 04:00:00,ETHUSDT,4450.84,0.7,0.8,0.6400000000000001,509.5776395841245,0.0,1.9155279168248969,15,1.2753605593193515
2025-08-31 08:00:00,BTCUSDT,108389.76,0.5,0.5,0.4,509.5776395841245,0.0,1.9155279168248969,15,1.2753605593193515
2025-08-31 12:00:00,ETHUSDT,4485.27,0.30000000000000004,0.8999999999999999,0.72,509.5776395841245,0.0,1.9155279168248969,15,1.2753605593193515
2025-08-31 16:00:00,BTCUSDT,108930.0,0.5,0.5,0.4,509.5776395841245,0.0,1.9155279168248969,15,1.2753605593193515
2025-08-31 20:00:00,ETHUSDT,4391.83,0.15,0.6000000000000001,0.4800000000000001,509.5776395841245,0.0,1.9155279168248969,15,1.2753605593193515
2025-09-01 00:00:00,BTCUSDT,107660.01,0.30000000000000004,0.4,0.32000000000000006,506.1758813007509,0.0,1.2351762601501832,16,1.359579909545599
2025-09-01 04:00:00,ETHUSDT,4463.29,0.15,0.7,0.5599999999999999,506.1758813007509,0.0,1.2351762601501832,16,1.359579909545599
2025-09-01 08:00:00,BTCUSDT,108782.88,0.5,0.6000000000000001,0.4800000000000001,506.1758813007509,0.0,1.2351762601501832,16,1.359579909545599
2025-09-01 12:00:00,ETHUSDT,4362.01,0.15,0.6000000000000001,0.4800000000000001,506.1758813007509,0.0,1.2351762601501832,16,1.359579909545599
2025-09-01 16:00:00,BTCUSDT,109217.64,0.5,0.6000000000000001,0.4800000000000001,506.1758813007509,0.0,1.2351762601501832,16,1.359579909545599
2025-09-01 20:00:00,ETHUSDT,4314.5,-0.2,0.5,0.4,506.1758813007509,0.0,1.2351762601501832,16,1.359579909545599
2025-09-02 00:00:00,BTCUSDT,110322.18,0.15,0.7,0.5599999999999999,506.1758813007509,0.0,1.2351762601501832,16,1.359579909545599
2025-09-02 04:00:00,ETHUSDT,4377.53,0.2,0.30000000000000004,0.24000000000000005,506.1758813007509,0.0,1.2351762601501832,16,1.359579909545599
2025-09-02 08:00:00,BTCUSDT,109733.34,0.5,0.6000000000000001,0.4800000000000001,506.1758813007509,0.0,1.2351762601501832,16,1.359579909545599
2025-09-02 12:00:00,ETHUSDT,4295.66,0.2,0.6000000000000001,0.4800000000000001,506.1758813007509,0.0,1.2351762601501832,16,1.359579909545599
2025-09-02 16:00:00,BTCUSDT,110806.0,0.30000000000000004,0.8999999999999999,0.72,506.1758813007509,0.0,1.2351762601501832,16,1.359579909545599
2025-09-02 20:00:00,ETHUSDT,4326.5,0.19999999999999998,0.4,0.32000000000000006,506.1758813007509,0.0,1.2351762601501832,16,1.359579909545599
2025-09-03 00:00:00,BTCUSDT,111054.01,0.15,0.7,0.5599999999999999,506.1758813007509,0.0,1.2351762601501832,16,1.359579909545599
2025-09-03 04:00:00,ETHUSDT,4310.21,0.2,0.30000000000000004,0.24000000000000005,506.1758813007509,0.0,1.2351762601501832,16,1.359579909545599
2025-09-03 08:00:00,BTCUSDT,111437.77,0.15,0.7,0.5599999999999999,506.1758813007509,0.0,1.2351762601501832,16,1.359579909545599
2025-09-03 12:00:00,ETHUSDT,4480.03,0.7,0.8,0.6400000000000001,506.1758813007509,0.0,1.2351762601501832,16,1.359579909545599
2025-09-03 16:00:00,BTCUSDT,112193.74,0.15,0.7,0.5599999999999999,506.1758813007509,0.0,1.2351762601501832,16,1.359579909545599
2025-09-03 20:00:00,ETHUSDT,4450.46,0.7,0.8,0.6400000000000001,506.1758813007509,0.0,1.2351762601501832,16,1.359579909545599
2025-09-04 00:00:00,BTCUSDT,111148.97,0.15,0.7,0.5599999999999999,506.1758813007509,0.0,1.2351762601501832,16,1.359579909545599
2025-09-04 04:00:00,ETHUSDT,4371.04,0.30000000000000004,0.4,0.32000000000000006,506.1758813007509,0.0,1.2351762601501832,16,1.359579909545599
2025-09-04 08:00:00,BTCUSDT,110810.0,0.39999999999999997,0.9000000000000001,0.7200000000000002,506.1758813007509,0.0,1.2351762601501832,16,1.359579909545599
2025-09-04 12:00:00,ETHUSDT,4305.33,0.15,0.6000000000000001,0.4800000000000001,506.1758813007509,0.0,1.2351762601501832,16,1.359579909545599
2025-09-04 16:00:00,BTCUSDT,109799.99,-0.15,0.6000000000000001,0.4800000000000001,506.1758813007509,0.0,1.2351762601501832,16,1.359579909545599
2025-09-04 20:00:00,ETHUSDT,4297.55,-0.2,0.5,0.4,506.1758813007509,0.0,1.2351762601501832,16,1.359579909545599
2025-09-05 00:00:00,BTCUSDT,111311.77,0.30000000000000004,0.6,0.48,506.1758813007509,0.0,1.2351762601501832,16,1.359579909545599
2025-09-05 04:00:00,ETHUSDT,4417.29,0.5,0.6000000000000001,0.4800000000000001,506.1758813007509,0.0,1.2351762601501832,16,1.359579909545599
2025-09-05 08:00:00,BTCUSDT,112354.0,0.8,0.9000000000000001,0.7200000000000002,506.1758813007509,0.0,1.2351762601501832,16,1.359579909545599
2025-09-05 12:00:00,ETHUSDT,4283.39,0.2,0.30000000000000004,0.24000000000000005,506.1758813007509,0.0,1.2351762601501832,16,1.359579909545599
2025-09-05 16:00:00,BTCUSDT,111614.54,0.6,0.7000000000000001,0.56,506.1758813007509,0.0,1.2351762601501832,16,1.359579909545599
2025-09-05 20:00:00,ETHUSDT,4307.45,0.19999999999999998,0.4,0.32000000000000006,506.1758813007509,0.0,1.2351762601501832,16,1.359579909545599
2025-09-06 00:00:00,BTCUSDT,111082.22,-0.15,0.6000000000000001,0.4800000000000001,506.1758813007509,0.0,1.2351762601501832,16,1.359579909545599
2025-09-06 04:00:00,ETHUSDT,4312.26,0.2,0.6000000000000001,0.4800000000000001,506.1758813007509,0.0,1.2351762601501832,16,1.359579909545599
2025-09-06 08:00:00,BTCUSDT,110781.02,0.15,0.4,0.32000000000000006,506.1758813007509,0.0,1.2351762601501832,16,1.359579909545599
2025-09-06 12:00:00,ETHUSDT,4270.24,-0.2,0.5,0.4,506.1758813007509,0.0,1.2351762601501832,16,1.359579909545599
2025-09-06 16:00:00,BTCUSDT,110038.41,0.15,0.4,0.32000000000000006,506.1758813007509,0.0,1.2351762601501832,16,1.359579909545599
2025-09-06 20:00:00,ETHUSDT,4273.14,-0.2,0.5,0.4,506.1758813007509,0.0,1.2351762601501832,16,1.359579909545599
2025-09-07 00:00:00,BTCUSDT,110629.15,0.15,0.4,0.32000000000000006,506.1758813007509,0.0,1.2351762601501832,16,1.359579909545599
2025-09-07 04:00:00,ETHUSDT,4294.56,0.2,0.30000000000000004,0.24000000000000005,506.1758813007509,0.0,1.2351762601501832,16,1.359579909545599
2025-09-07 08:00:00,BTCUSDT,111292.13,0.30000000000000004,0.6,0.48,506.1758813007509,0.0,1.2351762601501832,16,1.359579909545599
2025-09-07 12:00:00,ETHUSDT,4299.38,0.7,0.7,0.5599999999999999,506.1758813007509,0.0,1.2351762601501832,16,1.359579909545599
2025-09-07 16:00:00,BTCUSDT,111259.99,0.6,0.7000000000000001,0.56,506.1758813007509,0.0,1.2351762601501832,16,1.359579909545599
2025-09-07 20:00:00,ETHUSDT,4306.19,0.30000000000000004,0.4,0.32000000000000006,506.1758813007509,0.0,1.2351762601501832,16,1.359579909545599
2025-09-08 00:00:00,BTCUSDT,111052.11,0.4,0.5,0.4,506.1758813007509,0.0,1.2351762601501832,16,1.359579909545599
2025-09-08 04:00:00,ETHUSDT,4291.78,0.30000000000000004,0.4,0.32000000000000006,506.1758813007509,0.0,1.2351762601501832,16,1.359579909545599
2025-09-08 08:00:00,BTCUSDT,112052.43,0.20000000000000004,0.7999999999999999,0.64,506.1758813007509,0.0,1.2351762601501832,16,1.359579909545599
2025-09-08 12:00:00,ETHUSDT,4371.64,0.30000000000000004,0.8999999999999999,0.72,506.1758813007509,0.0,1.2351762601501832,16,1.359579909545599
2025-09-08 16:00:00,BTCUSDT,112097.31,0.20000000000000004,0.7999999999999999,0.64,506.1758813007509,0.0,1.2351762601501832,16,1.359579909545599
2025-09-08 20:00:00,ETHUSDT,4306.37,0.5,0.6000000000000001,0.4800000000000001,506.1758813007509,0.0,1.2351762601501832,16,1.359579909545599
2025-09-09 00:00:00,BTCUSDT,111708.0,0.20000000000000004,0.7999999999999999,0.64,506.1758813007509,0.0,1.2351762601501832,16,1.359579909545599
2025-09-09 04:00:00,ETHUSDT,4361.53,0.30000000000000004,0.8999999999999999,0.72,506.1758813007509,0.0,1.2351762601501832,16,1.359579909545599
2025-09-09 08:00:00,BTCUSDT,112433.59,0.20000000000000004,0.7999999999999999,0.64,506.1758813007509,0.0,1.2351762601501832,16,1.359579909545599
2025-09-09 12:00:00,ETHUSDT,4284.94,0.30000000000000004,0.4,0.32000000000000006,506.1758813007509,0.0,1.2351762601501832,16,1.359579909545599
2025-09-09 16:00:00,BTCUSDT,111301.53,0.15,0.4,0.32000000000000006,506.1758813007509,0.0,1.2351762601501832,16,1.359579909545599
2025-09-09 20:00:00,ETHUSDT,4310.09,0.5,0.6000000000000001,0.4800000000000001,506.1758813007509,0.0,1.2351762601501832,16,1.359579909545599
2025-09-10 00:00:00,BTCUSDT,111545.88,0.15,0.8,0.6400000000000001,506.1758813007509,0.0,1.2351762601501832,16,1.359579909545599
2025-09-10 04:00:00,ETHUSDT,4329.82,0.5,0.6000000000000001,0.4800000000000001,506.1758813007509,0.0,1.2351762601501832,16,1.359579909545599
2025-09-10 08:00:00,BTCUSDT,112299.99,0.8,0.9000000000000001,0.7200000000000002,506.1758813007509,0.0,1.2351762601501832,16,1.359579909545599
2025-09-10 12:00:00,ETHUSDT,4404.9,0.30000000000000004,0.8999999999999999,0.72,506.1758813007509,0.0,1.2351762601501832,16,1.359579909545599
2025-09-10 16:00:00,BTCUSDT,113574.52,0.8,0.9000000000000001,0.7200000000000002,506.1758813007509,0.0,1.2351762601501832,16,1.359579909545599
2025-09-10 20:00:00,ETHUSDT,4349.32,0.5,0.6000000000000001,0.4800000000000001,506.1758813007509,0.0,1.2351762601501832,16,1.359579909545599
2025-09-11 00:00:00,BTCUSDT,114400.01,0.4,1.0,0.8,506.1758813007509,0.0,1.2351762601501832,16,1.359579909545599
2025-09-11 04:00:00,ETHUSDT,4440.41,0.30000000000000004,0.8999999999999999,0.72,506.1758813007509,0.0,1.2351762601501832,16,1.359579909545599
2025-09-11 08:00:00,BTCUSDT,113999.99,0.20000000000000004,0.7999999999999999,0.64,506.1758813007509,0.0,1.2351762601501832,16,1.359579909545599
2025-09-11 12:00:00,ETHUSDT,4412.52,0.8,0.9000000000000001,0.7200000000000002,506.1758813007509,0.0,1.2351762601501832,16,1.359579909545599
2025-09-11 16:00:00,BTCUSDT,114419.99,0.20000000000000004,0.7999999999999999,0.64,506.1758813007509,0.0,1.2351762601501832,16,1.359579909545599
2025-09-11 20:00:00,ETHUSDT,4458.82,0.4,1.0,0.8,506.1758813007509,0.0,1.2351762601501832,16,1.359579909545599
2025-09-12 00:00:00,BTCUSDT,115194.14,0.20000000000000004,0.7999999999999999,0.64,506.1758813007509,0.0,1.2351762601501832,16,1.359579909545599
2025-09-12 04:00:00,ETHUSDT,4525.81,0.4,1.0,0.8,506.1758813007509,0.0,1.2351762601501832,16,1.359579909545599
2025-09-12 08:00:00,BTCUSDT,114913.45,0.20000000000000004,0.7999999999999999,0.64,506.1758813007509,0.0,1.2351762601501832,16,1.359579909545599
2025-09-12 12:00:00,ETHUSDT,4541.98,0.4,1.0,0.8,506.1758813007509,0.0,1.2351762601501832,16,1.359579909545599
2025-09-12 16:00:00,BTCUSDT,116632.51,0.20000000000000004,0.7999999999999999,0.64,513.194811727239,0.0,2.638962345447794,17,1.4452030458571439
2025-09-12 20:00:00,ETHUSDT,4712.16,0.4,1.0,0.8,513.194811727239,0.0,2.638962345447794,17,1.4452030458571439
2025-09-13 00:00:00,BTCUSDT,115957.0,0.20000000000000004,0.7999999999999999,0.64,513.194811727239,0.0,2.638962345447794,17,1.4452030458571439
2025-09-13 04:00:00,ETHUSDT,4711.7,0.4,1.0,0.8,513.194811727239,0.0,2.638962345447794,17,1.4452030458571439
2025-09-13 08:00:00,BTCUSDT,115974.11,0.20000000000000004,0.7999999999999999,0.64,513.194811727239,0.0,2.638962345447794,17,1.4452030458571439
2025-09-13 12:00:00,ETHUSDT,4653.92,0.20000000000000004,0.7999999999999999,0.64,513.194811727239,0.0,2.638962345447794,17,1.4452030458571439
2025-09-13 16:00:00,BTCUSDT,115797.12,-0.15,0.7000000000000001,0.56,513.194811727239,0.0,2.638962345447794,17,1.4452030458571439
2025-09-13 20:00:00,ETHUSDT,4666.53,0.2,1.0,0.8,513.194811727239,0.0,2.638962345447794,17,1.4452030458571439
2025-09-14 00:00:00,BTCUSDT,115679.98,-0.15,0.7000000000000001,0.56,513.194811727239,0.0,2.638962345447794,17,1.4452030458571439
2025-09-14 04:00:00,ETHUSDT,4650.58,-0.30000000000000004,0.9000000000000001,0.7200000000000002,513.194811727239,0.0,2.638962345447794,17,1.4452030458571439
2025-09-14 08:00:00,BTCUSDT,115794.91,0.30000000000000004,0.6,0.48,513.194811727239,0.0,2.638962345447794,17,1.4452030458571439
2025-09-14 12:00:00,ETHUSDT,4582.22,-0.15,0.6000000000000001,0.4800000000000001,513.194811727239,0.0,2.638962345447794,17,1.4452030458571439
2025-09-14 16:00:00,BTCUSDT,115634.99,0.30000000000000004,0.6,0.48,513.194811727239,0.0,2.638962345447794,17,1.4452030458571439
2025-09-14 20:00:00,ETHUSDT,4604.49,-0.15,0.6000000000000001,0.4800000000000001,513.194811727239,0.0,2.638962345447794,17,1.4452030458571439
2025-09-15 00:00:00,BTCUSDT,115445.45,0.3,0.5,0.4,513.194811727239,0.0,2.638962345447794,17,1.4452030458571439
2025-09-15 04:00:00,ETHUSDT,4597.37,0.3,0.5,0.4,513.194811727239,0.0,2.638962345447794,17,1.4452030458571439
2025-09-15 08:00:00,BTCUSDT,115070.0,0.3,0.5,0.4,513.194811727239,0.0,2.638962345447794,17,1.4452030458571439
2025-09-15 12:00:00,ETHUSDT,4500.01,0.2,0.7,0.5599999999999999,513.194811727239,0.0,2.638962345447794,17,1.4452030458571439
2025-09-15 16:00:00,BTCUSDT,115307.78,0.15,0.4,0.32000000000000006,513.194811727239,0.0,2.638962345447794,17,1.4452030458571439
2025-09-15 20:00:00,ETHUSDT,4523.74,0.2,0.7,0.5599999999999999,513.194811727239,0.0,2.638962345447794,17,1.4452030458571439
2025-09-16 00:00:00,BTCUSDT,115307.25,0.15,0.4,0.32000000000000006,513.194811727239,0.0,2.638962345447794,17,1.4452030458571439
2025-09-16 04:00:00,ETHUSDT,4512.86,0.3,0.5,0.4,513.194811727239,0.0,2.638962345447794,17,1.4452030458571439
2025-09-16 08:00:00,BTCUSDT,115287.83,0.15,0.4,0.32000000000000006,513.194811727239,0.0,2.638962345447794,17,1.4452030458571439
2025-09-16 12:00:00,ETHUSDT,4468.2,0.3,0.5,0.4,513.194811727239,0.0,2.638962345447794,17,1.4452030458571439
2025-09-16 16:00:00,BTCUSDT,116800.12,0.8,0.9000000000000001,0.7200000000000002,513.194811727239,0.0,2.638962345447794,17,1.4452030458571439
2025-09-16 20:00:00,ETHUSDT,4501.29,0.3,0.5,0.4,513.194811727239,0.0,2.638962345447794,17,1.4452030458571439
2025-09-17 00:00:00,BTCUSDT,116372.04,0.6,0.7000000000000001,0.56,513.194811727239,0.0,2.638962345447794,17,1.4452030458571439
2025-09-17 04:00:00,ETHUSDT,4544.07,0.15,0.4,0.32000000000000006,513.194811727239,0.0,2.638962345447794,17,1.4452030458571439
2025-09-17 08:00:00,BTCUSDT,116258.13,0.6,0.7000000000000001,0.56,513.194811727239,0.0,2.638962345447794,17,1.4452030458571439
2025-09-17 12:00:00,ETHUSDT,4489.54,0.3,0.5,0.4,513.194811727239,0.0,2.638962345447794,17,1.4452030458571439
2025-09-17 16:00:00,BTCUSDT,115652.02,0.15,0.4,0.32000000000000006,513.194811727239,0.0,2.638962345447794,17,1.4452030458571439
2025-09-17 20:00:00,ETHUSDT,4590.53,0.4,1.0,0.8,513.194811727239,0.0,2.638962345447794,17,1.4452030458571439
2025-09-18 00:00:00,BTCUSDT,117581.66,0.20000000000000004,0.7999999999999999,0.64,513.194811727239,0.0,2.638962345447794,17,1.4452030458571439
2025-09-18 04:00:00,ETHUSDT,4574.75,0.7,0.8,0.6400000000000001,513.194811727239,0.0,2.638962345447794,17,1.4452030458571439
2025-09-18 08:00:00,BTCUSDT,117063.4,0.4,1.0,0.8,513.194811727239,0.0,2.638962345447794,17,1.4452030458571439
2025-09-18 12:00:00,ETHUSDT,4599.34,0.30000000000000004,0.8999999999999999,0.72,513.194811727239,0.0,2.638962345447794,17,1.4452030458571439
2025-09-18 16:00:00,BTCUSDT,117450.21,0.20000000000000004,0.7999999999999999,0.64,513.194811727239,0.0,2.638962345447794,17,1.4452030458571439
2025-09-18 20:00:00,ETHUSDT,4587.66,0.15,0.7,0.5599999999999999,513.194811727239,0.0,2.638962345447794,17,1.4452030458571439
2025-09-19 00:00:00,BTCUSDT,116977.58,0.6,0.7000000000000001,0.56,513.194811727239,0.0,2.638962345447794,17,1.4452030458571439
2025-09-19 04:00:00,ETHUSDT,4539.06,0.5,0.6000000000000001,0.4800000000000001,513.194811727239,0.0,2.638962345447794,17,1.4452030458571439
2025-09-19 08:00:00,BTCUSDT,116394.72,-0.15,0.6000000000000001,0.4800000000000001,513.194811727239,0.0,2.638962345447794,17,1.4452030458571439
2025-09-19 12:00:00,ETHUSDT,4474.93,-0.2,0.5,0.4,513.194811727239,0.0,2.638962345447794,17,1.4452030458571439
2025-09-19 16:00:00,BTCUSDT,115125.12,-0.15,0.6000000000000001,0.4800000000000001,513.194811727239,0.0,2.638962345447794,17,1.4452030458571439
2025-09-19 20:00:00,ETHUSDT,4468.59,-0.2,0.5,0.4,513.194811727239,0.0,2.638962345447794,17,1.4452030458571439
2025-09-20 00:00:00,BTCUSDT,115445.0,-0.15,0.6000000000000001,0.4800000000000001,513.194811727239,0.0,2.638962345447794,17,1.4452030458571439
2025-09-20 04:00:00,ETHUSDT,4483.22,0.19999999999999998,0.4,0.32000000000000006,513.194811727239,0.0,2.638962345447794,17,1.4452030458571439
2025-09-20 08:00:00,BTCUSDT,115894.06,0.3,0.5,0.4,513.194811727239,0.0,2.638962345447794,17,1.4452030458571439
2025-09-20 12:00:00,ETHUSDT,4498.2,0.4,0.6000000000000001,0.4800000000000001,513.194811727239,0.0,2.638962345447794,17,1.4452030458571439
2025-09-20 16:00:00,BTCUSDT,115702.0,0.3,0.5,0.4,513.194811727239,0.0,2.638962345447794,17,1.4452030458571439
2025-09-20 20:00:00,ETHUSDT,4480.42,0.19999999999999998,0.4,0.32000000000000006,513.194811727239,0.0,2.638962345447794,17,1.4452030458571439
2025-09-21 00:00:00,BTCUSDT,115669.41,0.3,0.5,0.4,513.194811727239,0.0,2.638962345447794,17,1.4452030458571439
2025-09-21 04:00:00,ETHUSDT,4477.78,0.19999999999999998,0.4,0.32000000000000006,513.194811727239,0.0,2.638962345447794,17,1.4452030458571439
2025-09-21 08:00:00,BTCUSDT,115603.45,0.3,0.5,0.4,513.194811727239,0.0,2.638962345447794,17,1.4452030458571439
2025-09-21 12:00:00,ETHUSDT,4482.8,0.19999999999999998,0.4,0.32000000000000006,513.194811727239,0.0,2.638962345447794,17,1.4452030458571439
2025-09-21 16:00:00,BTCUSDT,115480.05,0.3,0.5,0.4,513.194811727239,0.0,2.638962345447794,17,1.4452030458571439
2025-09-21 20:00:00,ETHUSDT,4444.97,0.2,0.30000000000000004,0.24000000000000005,513.194811727239,0.0,2.638962345447794,17,1.4452030458571439
2025-09-22 00:00:00,BTCUSDT,114649.89,-0.2,0.5,0.4,513.194811727239,0.0,2.638962345447794,17,1.4452030458571439
2025-09-22 04:00:00,ETHUSDT,4193.38,0.2,0.6000000000000001,0.4800000000000001,509.64092112059404,0.0,1.9281842241188087,18,1.5300066028189536
2025-09-22 08:00:00,BTCUSDT,112876.97,0.2,0.6000000000000001,0.4800000000000001,509.64092112059404,0.0,1.9281842241188087,18,1.5300066028189536
2025-09-22 12:00:00,ETHUSDT,4167.88,0.2,0.6000000000000001,0.4800000000000001,509.64092112059404,0.0,1.9281842241188087,18,1.5300066028189536
2025-09-22 16:00:00,BTCUSDT,112122.9,0.2,0.6000000000000001,0.4800000000000001,509.64092112059404,0.0,1.9281842241188087,18,1.5300066028189536
2025-09-22 20:00:00,ETHUSDT,4199.08,0.2,0.6000000000000001,0.4800000000000001,509.64092112059404,0.0,1.9281842241188087,18,1.5300066028189536
2025-09-23 00:00:00,BTCUSDT,112339.99,0.19999999999999998,0.4,0.32000000000000006,509.64092112059404,0.0,1.9281842241188087,18,1.5300066028189536
2025-09-23 04:00:00,ETHUSDT,4205.24,0.19999999999999998,0.4,0.32000000000000006,509.64092112059404,0.0,1.9281842241188087,18,1.5300066028189536
2025-09-23 08:00:00,BTCUSDT,112975.99,0.19999999999999998,0.4,0.32000000000000006,509.64092112059404,0.0,1.9281842241188087,18,1.5300066028189536
2025-09-23 12:00:00,ETHUSDT,4181.01,0.4,0.6000000000000001,0.4800000000000001,509.64092112059404,0.0,1.9281842241188087,18,1.5300066028189536
2025-09-23 16:00:00,BTCUSDT,111655.29,0.19999999999999998,0.4,0.32000000000000006,505.9870069030869,0.0,1.1974013806173844,19,1.614243292807209
2025-09-23 20:00:00,ETHUSDT,4164.26,0.19999999999999998,0.4,0.32000000000000006,505.9870069030869,0.0,1.1974013806173844,19,1.614243292807209
2025-09-24 00:00:00,BTCUSDT,111683.09,0.2,0.6000000000000001,0.4800000000000001,505.9870069030869,0.0,1.1974013806173844,19,1.614243292807209
2025-09-24 04:00:00,ETHUSDT,4175.08,0.19999999999999998,0.4,0.32000000000000006,505.9870069030869,0.0,1.1974013806173844,19,1.614243292807209
2025-09-24 08:00:00,BTCUSDT,113029.46,0.30000000000000004,0.4,0.32000000000000006,505.9870069030869,0.0,1.1974013806173844,19,1.614243292807209
2025-09-24 12:00:00,ETHUSDT,4166.18,0.30000000000000004,0.4,0.32000000000000006,505.9870069030869,0.0,1.1974013806173844,19,1.614243292807209
2025-09-24 16:00:00,BTCUSDT,113420.01,0.7,0.8,0.6400000000000001,505.9870069030869,0.0,1.1974013806173844,19,1.614243292807209
2025-09-24 20:00:00,ETHUSDT,4152.81,0.30000000000000004,0.4,0.32000000000000006,505.9870069030869,0.0,1.1974013806173844,19,1.614243292807209
2025-09-25 00:00:00,BTCUSDT,112546.21,0.30000000000000004,0.4,0.32000000000000006,505.9870069030869,0.0,1.1974013806173844,19,1.614243292807209
2025-09-25 04:00:00,ETHUSDT,4009.18,0.2,0.6000000000000001,0.4800000000000001,502.26189370266974,0.0,0.4523787405339476,20,1.6978483335500918
2025-09-25 08:00:00,BTCUSDT,111348.0,0.15,0.6000000000000001,0.4800000000000001,502.26189370266974,0.0,0.4523787405339476,20,1.6978483335500918
2025-09-25 12:00:00,ETHUSDT,4003.26,0.2,0.6000000000000001,0.4800000000000001,502.26189370266974,0.0,0.4523787405339476,20,1.6978483335500918
2025-09-25 16:00:00,BTCUSDT,109360.0,0.2,0.6000000000000001,0.4800000000000001,502.26189370266974,0.0,0.4523787405339476,20,1.6978483335500918
2025-09-25 20:00:00,ETHUSDT,3874.36,0.2,0.6000000000000001,0.4800000000000001,502.26189370266974,0.0,0.4523787405339476,20,1.6978483335500918
2025-09-26 00:00:00,BTCUSDT,109580.01,0.2,0.6000000000000001,0.4800000000000001,502.26189370266974,0.0,0.4523787405339476,20,1.6978483335500918
2025-09-26 04:00:00,ETHUSDT,3938.11,0.2,0.6000000000000001,0.4800000000000001,502.26189370266974,0.0,0.4523787405339476,20,1.6978483335500918
2025-09-26 08:00:00,BTCUSDT,109133.5,0.2,0.6000000000000001,0.4800000000000001,502.26189370266974,0.0,0.4523787405339476,20,1.6978483335500918
2025-09-26 12:00:00,ETHUSDT,3946.0,0.19999999999999998,0.4,0.32000000000000006,502.26189370266974,0.0,0.4523787405339476,20,1.6978483335500918
2025-09-26 16:00:00,BTCUSDT,109172.2,0.19999999999999998,0.4,0.32000000000000006,502.26189370266974,0.0,0.4523787405339476,20,1.6978483335500918
2025-09-26 20:00:00,ETHUSDT,4032.24,0.7,0.7,0.5599999999999999,502.26189370266974,0.0,0.4523787405339476,20,1.6978483335500918
2025-09-27 00:00:00,BTCUSDT,109553.77,0.19999999999999998,0.4,0.32000000000000006,502.26189370266974,0.0,0.4523787405339476,20,1.6978483335500918
2025-09-27 04:00:00,ETHUSDT,4007.93,0.7,0.7,0.5599999999999999,502.26189370266974,0.0,0.4523787405339476,20,1.6978483335500918
2025-09-27 08:00:00,BTCUSDT,109310.21,0.5,0.5,0.4,502.26189370266974,0.0,0.4523787405339476,20,1.6978483335500918
2025-09-27 12:00:00,ETHUSDT,4018.92,0.30000000000000004,0.4,0.32000000000000006,502.26189370266974,0.0,0.4523787405339476,20,1.6978483335500918
2025-09-27 16:00:00,BTCUSDT,109424.2,0.5,0.5,0.4,502.26189370266974,0.0,0.4523787405339476,20,1.6978483335500918
2025-09-27 20:00:00,ETHUSDT,4018.38,0.5,0.6000000000000001,0.4800000000000001,502.26189370266974,0.0,0.4523787405339476,20,1.6978483335500918
2025-09-28 00:00:00,BTCUSDT,109436.0,0.30000000000000004,0.4,0.32000000000000006,502.26189370266974,0.0,0.4523787405339476,20,1.6978483335500918
2025-09-28 04:00:00,ETHUSDT,4014.32,0.15,0.7,0.5599999999999999,502.26189370266974,0.0,0.4523787405339476,20,1.6978483335500918
2025-09-28 08:00:00,BTCUSDT,109369.02,0.30000000000000004,0.4,0.32000000000000006,502.26189370266974,0.0,0.4523787405339476,20,1.6978483335500918
2025-09-28 12:00:00,ETHUSDT,4021.69,0.15,0.7,0.5599999999999999,502.26189370266974,0.0,0.4523787405339476,20,1.6978483335500918
2025-09-28 16:00:00,BTCUSDT,110337.6,0.15,0.7,0.5599999999999999,502.26189370266974,0.0,0.4523787405339476,20,1.6978483335500918
2025-09-28 20:00:00,ETHUSDT,4142.16,0.30000000000000004,0.8999999999999999,0.72,502.26189370266974,0.0,0.4523787405339476,20,1.6978483335500918
2025-09-29 00:00:00,BTCUSDT,111857.51,0.30000000000000004,0.8999999999999999,0.72,502.26189370266974,0.0,0.4523787405339476,20,1.6978483335500918
2025-09-29 04:00:00,ETHUSDT,4108.25,0.30000000000000004,0.8999999999999999,0.72,502.26189370266974,0.0,0.4523787405339476,20,1.6978483335500918
2025-09-29 08:00:00,BTCUSDT,112100.0,0.30000000000000004,0.8999999999999999,0.72,502.26189370266974,0.0,0.4523787405339476,20,1.6978483335500918
2025-09-29 12:00:00,ETHUSDT,4164.8,0.30000000000000004,0.8999999999999999,0.72,502.26189370266974,0.0,0.4523787405339476,20,1.6978483335500918
2025-09-29 16:00:00,BTCUSDT,114265.55,0.30000000000000004,0.8999999999999999,0.72,502.26189370266974,0.0,0.4523787405339476,20,1.6978483335500918
2025-09-29 20:00:00,ETHUSDT,4215.07,0.30000000000000004,0.8999999999999999,0.72,502.26189370266974,0.0,0.4523787405339476,20,1.6978483335500918
2025-09-30 00:00:00,BTCUSDT,114376.39,0.30000000000000004,0.8999999999999999,0.72,502.26189370266974,0.0,0.4523787405339476,20,1.6978483335500918
2025-09-30 04:00:00,ETHUSDT,4182.13,0.30000000000000004,0.8999999999999999,0.72,502.26189370266974,0.0,0.4523787405339476,20,1.6978483335500918
2025-09-30 08:00:00,BTCUSDT,113055.01,0.15,0.7,0.5599999999999999,502.26189370266974,0.0,0.4523787405339476,20,1.6978483335500918
2025-09-30 12:00:00,ETHUSDT,4119.87,0.2,1.0,0.8,502.26189370266974,0.0,0.4523787405339476,20,1.6978483335500918
2025-09-30 16:00:00,BTCUSDT,114359.99,0.20000000000000004,0.7999999999999999,0.64,502.26189370266974,0.0,0.4523787405339476,20,1.6978483335500918
2025-09-30 20:00:00,ETHUSDT,4145.15,0.2,1.0,0.8,502.26189370266974,0.0,0.4523787405339476,20,1.6978483335500918
2025-10-01 00:00:00,BTCUSDT,114176.92,0.20000000000000004,0.7999999999999999,0.64,502.26189370266974,0.0,0.4523787405339476,20,1.6978483335500918
2025-10-01 04:00:00,ETHUSDT,4145.8,0.6,0.7000000000000001,0.56,502.26189370266974,0.0,0.4523787405339476,20,1.6978483335500918
2025-10-01 08:00:00,BTCUSDT,116789.58,0.4,1.0,0.8,502.26189370266974,0.0,0.4523787405339476,20,1.6978483335500918
2025-10-01 12:00:00,ETHUSDT,4327.23,0.4,1.0,0.8,502.26189370266974,0.0,0.4523787405339476,20,1.6978483335500918
2025-10-01 16:00:00,BTCUSDT,117439.53,0.4,1.0,0.8,502.26189370266974,0.0,0.4523787405339476,20,1.6978483335500918
2025-10-01 20:00:00,ETHUSDT,4348.03,0.4,1.0,0.8,509.3280688446504,0.0,1.865613768930075,21,1.7828666093213708
2025-10-02 00:00:00,BTCUSDT,118733.99,0.4,1.0,0.8,509.3280688446504,0.0,1.865613768930075,21,1.7828666093213708
2025-10-02 04:00:00,ETHUSDT,4375.78,0.4,1.0,0.8,509.3280688446504,0.0,1.865613768930075,21,1.7828666093213708
2025-10-02 08:00:00,BTCUSDT,118765.73,0.4,1.0,0.8,509.3280688446504,0.0,1.865613768930075,21,1.7828666093213708
2025-10-02 12:00:00,ETHUSDT,4437.09,0.4,1.0,0.8,509.3280688446504,0.0,1.865613768930075,21,1.7828666093213708
2025-10-02 16:00:00,BTCUSDT,120836.49,0.4,1.0,0.8,516.2546900385066,0.0,3.2509380077013246,22,1.8691138921748163
2025-10-02 20:00:00,ETHUSDT,4484.35,0.4,1.0,0.8,516.2546900385066,0.0,3.2509380077013246,22,1.8691138921748163
2025-10-03 00:00:00,BTCUSDT,120225.89,0.4,1.0,0.8,516.2546900385066,0.0,3.2509380077013246,22,1.8691138921748163
2025-10-03 04:00:00,ETHUSDT,4462.33,0.4,1.0,0.8,516.2546900385066,0.0,3.2509380077013246,22,1.8691138921748163
2025-10-03 08:00:00,BTCUSDT,120334.5,0.20000000000000004,0.7999999999999999,0.64,516.2546900385066,0.0,3.2509380077013246,22,1.8691138921748163
2025-10-03 12:00:00,ETHUSDT,4534.75,0.20000000000000004,0.7999999999999999,0.64,516.2546900385066,0.0,3.2509380077013246,22,1.8691138921748163
2025-10-03 16:00:00,BTCUSDT,122660.99,0.4,1.0,0.8,516.2546900385066,0.0,3.2509380077013246,22,1.8691138921748163
2025-10-03 20:00:00,ETHUSDT,4512.87,0.20000000000000004,0.7999999999999999,0.64,516.2546900385066,0.0,3.2509380077013246,22,1.8691138921748163
2025-10-04 00:00:00,BTCUSDT,122243.99,0.4,1.0,0.8,516.2546900385066,0.0,3.2509380077013246,22,1.8691138921748163
2025-10-04 04:00:00,ETHUSDT,4498.29,-0.15,0.7000000000000001,0.56,516.2546900385066,0.0,3.2509380077013246,22,1.8691138921748163
2025-10-04 08:00:00,BTCUSDT,121973.26,0.20000000000000004,0.7999999999999999,0.64,516.2546900385066,0.0,3.2509380077013246,22,1.8691138921748163
2025-10-04 12:00:00,ETHUSDT,4455.05,-0.30000000000000004,0.9000000000000001,0.7200000000000002,516.2546900385066,0.0,3.2509380077013246,22,1.8691138921748163
2025-10-04 16:00:00,BTCUSDT,121959.25,-0.15,0.7000000000000001,0.56,516.2546900385066,0.0,3.2509380077013246,22,1.8691138921748163
2025-10-04 20:00:00,ETHUSDT,4487.15,0.30000000000000004,0.6,0.48,516.2546900385066,0.0,3.2509380077013246,22,1.8691138921748163
2025-10-05 00:00:00,BTCUSDT,123776.22,0.15,0.9000000000000001,0.7200000000000002,516.2546900385066,0.0,3.2509380077013246,22,1.8691138921748163
2025-10-05 04:00:00,ETHUSDT,4605.97,0.15,0.9000000000000001,0.7200000000000002,516.2546900385066,0.0,3.2509380077013246,22,1.8691138921748163
2025-10-05 08:00:00,BTCUSDT,123464.64,0.15,0.9000000000000001,0.7200000000000002,516.2546900385066,0.0,3.2509380077013246,22,1.8691138921748163
2025-10-05 12:00:00,ETHUSDT,4532.0,0.5,0.8,0.6400000000000001,516.2546900385066,0.0,3.2509380077013246,22,1.8691138921748163
2025-10-05 16:00:00,BTCUSDT,122591.79,-0.15,0.7000000000000001,0.56,516.2546900385066,0.0,3.2509380077013246,22,1.8691138921748163
2025-10-05 20:00:00,ETHUSDT,4514.32,0.30000000000000004,0.6,0.48,516.2546900385066,0.0,3.2509380077013246,22,1.8691138921748163
2025-10-06 00:00:00,BTCUSDT,123839.09,0.30000000000000004,0.6,0.48,516.2546900385066,0.0,3.2509380077013246,22,1.8691138921748163
2025-10-06 04:00:00,ETHUSDT,4533.19,0.30000000000000004,0.6,0.48,516.2546900385066,0.0,3.2509380077013246,22,1.8691138921748163
2025-10-06 08:00:00,BTCUSDT,124215.0,0.15,0.9000000000000001,0.7200000000000002,516.2546900385066,0.0,3.2509380077013246,22,1.8691138921748163
2025-10-06 12:00:00,ETHUSDT,4673.39,0.15,0.9000000000000001,0.7200000000000002,516.2546900385066,0.0,3.2509380077013246,22,1.8691138921748163
2025-10-06 16:00:00,BTCUSDT,125410.81,0.15,0.9000000000000001,0.7200000000000002,516.2546900385066,0.0,3.2509380077013246,22,1.8691138921748163
2025-10-06 20:00:00,ETHUSDT,4684.01,0.4,1.0,0.8,516.2546900385066,0.0,3.2509380077013246,22,1.8691138921748163
2025-10-07 00:00:00,BTCUSDT,124329.74,-0.15,0.7000000000000001,0.56,516.2546900385066,0.0,3.2509380077013246,22,1.8691138921748163
2025-10-07 04:00:00,ETHUSDT,4678.19,0.4,1.0,0.8,516.2546900385066,0.0,3.2509380077013246,22,1.8691138921748163
2025-10-07 08:00:00,BTCUSDT,124453.38,0.30000000000000004,0.6,0.48,516.2546900385066,0.0,3.2509380077013246,22,1.8691138921748163
2025-10-07 12:00:00,ETHUSDT,4511.99,-0.15,0.6000000000000001,0.4800000000000001,516.2546900385066,0.0,3.2509380077013246,22,1.8691138921748163
2025-10-07 16:00:00,BTCUSDT,121637.17,-0.15,0.6000000000000001,0.4800000000000001,516.2546900385066,0.0,3.2509380077013246,22,1.8691138921748163
2025-10-07 20:00:00,ETHUSDT,4447.7,-0.15,0.6000000000000001,0.4800000000000001,516.2546900385066,0.0,3.2509380077013246,22,1.8691138921748163
2025-10-08 00:00:00,BTCUSDT,121374.75,-0.15,0.6000000000000001,0.4800000000000001,516.2546900385066,0.0,3.2509380077013246,22,1.8691138921748163
2025-10-08 04:00:00,ETHUSDT,4463.48,-0.15,0.6000000000000001,0.4800000000000001,516.2546900385066,0.0,3.2509380077013246,22,1.8691138921748163
2025-10-08 08:00:00,BTCUSDT,122884.14,0.15,0.4,0.32000000000000006,516.2546900385066,0.0,3.2509380077013246,22,1.8691138921748163
2025-10-08 12:00:00,ETHUSDT,4447.14,0.15,0.4,0.32000000000000006,516.2546900385066,0.0,3.2509380077013246,22,1.8691138921748163
2025-10-08 16:00:00,BTCUSDT,123450.0,0.5,0.8,0.6400000000000001,516.2546900385066,0.0,3.2509380077013246,22,1.8691138921748163
2025-10-08 20:00:00,ETHUSDT,4525.72,0.5,0.7,0.5599999999999999,516.2546900385066,0.0,3.2509380077013246,22,1.8691138921748163
2025-10-09 00:00:00,BTCUSDT,122038.01,0.3,0.5,0.4,516.2546900385066,0.0,3.2509380077013246,22,1.8691138921748163
2025-10-09 04:00:00,ETHUSDT,4426.6,0.2,0.7,0.5599999999999999,516.2546900385066,0.0,3.2509380077013246,22,1.8691138921748163
2025-10-09 08:00:00,BTCUSDT,122737.57,0.15,0.4,0.32000000000000006,516.2546900385066,0.0,3.2509380077013246,22,1.8691138921748163
2025-10-09 12:00:00,ETHUSDT,4314.79,0.2,0.7,0.5599999999999999,516.2546900385066,0.0,3.2509380077013246,22,1.8691138921748163
2025-10-09 16:00:00,BTCUSDT,120951.72,0.2,0.7,0.5599999999999999,516.2546900385066,0.0,3.2509380077013246,22,1.8691138921748163
2025-10-09 20:00:00,ETHUSDT,4368.09,0.2,0.7,0.5599999999999999,516.2546900385066,0.0,3.2509380077013246,22,1.8691138921748163
2025-10-10 00:00:00,BTCUSDT,121026.01,0.15,0.4,0.32000000000000006,516.2546900385066,0.0,3.2509380077013246,22,1.8691138921748163
2025-10-10 04:00:00,ETHUSDT,4323.39,0.2,0.6000000000000001,0.4800000000000001,516.2546900385066,0.0,3.2509380077013246,22,1.8691138921748163
2025-10-10 08:00:00,BTCUSDT,121554.55,0.2,0.30000000000000004,0.24000000000000005,516.2546900385066,0.0,3.2509380077013246,22,1.8691138921748163
2025-10-10 12:00:00,ETHUSDT,4103.11,0.2,0.6000000000000001,0.4800000000000001,511.4656991387425,0.0,2.293139827748496,23,1.9541575754318756
2025-10-10 16:00:00,BTCUSDT,116661.5,0.2,0.6000000000000001,0.4800000000000001,511.4656991387425,0.0,2.293139827748496,23,1.9541575754318756
2025-10-10 20:00:00,ETHUSDT,3829.72,0.2,0.6000000000000001,0.4800000000000001,505.7992430686768,0.0,1.1598486137353574,24,2.038067967474922
2025-10-11 00:00:00,BTCUSDT,112300.01,0.2,0.6000000000000001,0.4800000000000001,499.70631364700307,0.0,-0.058737270599385744,25,2.121227151795713
2025-10-11 04:00:00,ETHUSDT,3758.81,0.2,0.6000000000000001,0.4800000000000001,499.70631364700307,0.0,-0.058737270599385744,25,2.121227151795713
2025-10-11 08:00:00,BTCUSDT,112280.0,0.2,0.6000000000000001,0.4800000000000001,499.70631364700307,0.0,-0.058737270599385744,25,2.121227151795713
2025-10-11 12:00:00,ETHUSDT,3825.13,0.2,0.6000000000000001,0.4800000000000001,499.70631364700307,0.0,-0.058737270599385744,25,2.121227151795713
2025-10-11 16:00:00,BTCUSDT,111178.31,0.2,0.6000000000000001,0.4800000000000001,499.70631364700307,0.0,-0.058737270599385744,25,2.121227151795713
2025-10-11 20:00:00,ETHUSDT,3746.79,0.2,0.6000000000000001,0.4800000000000001,499.70631364700307,0.0,-0.058737270599385744,25,2.121227151795713
2025-10-12 00:00:00,BTCUSDT,110676.0,0.19999999999999998,0.4,0.32000000000000006,499.70631364700307,0.0,-0.058737270599385744,25,2.121227151795713
2025-10-12 04:00:00,ETHUSDT,3827.99,0.19999999999999998,0.4,0.32000000000000006,499.70631364700307,0.0,-0.058737270599385744,25,2.121227151795713
2025-10-12 08:00:00,BTCUSDT,111848.36,0.19999999999999998,0.4,0.32000000000000006,499.70631364700307,0.0,-0.058737270599385744,25,2.121227151795713
2025-10-12 12:00:00,ETHUSDT,4034.59,0.8999999999999999,0.8999999999999999,0.72,499.70631364700307,0.0,-0.058737270599385744,25,2.121227151795713
2025-10-12 16:00:00,BTCUSDT,114342.28,0.7,0.7,0.5599999999999999,499.70631364700307,0.0,-0.058737270599385744,25,2.121227151795713
2025-10-12 20:00:00,ETHUSDT,4152.29,0.7,0.8,0.6400000000000001,506.7739256816493,0.0,1.3547851363298604,26,2.2059501000678847
2025-10-13 00:00:00,BTCUSDT,114821.12,0.7,0.8,0.6400000000000001,506.7739256816493,0.0,1.3547851363298604,26,2.2059501000678847
2025-10-13 04:00:00,ETHUSDT,4178.3,0.30000000000000004,0.8999999999999999,0.72,506.7739256816493,0.0,1.3547851363298604,26,2.2059501000678847
2025-10-13 08:00:00,BTCUSDT,114180.0,0.5,0.6000000000000001,0.4800000000000001,506.7739256816493,0.0,1.3547851363298604,26,2.2059501000678847
2025-10-13 12:00:00,ETHUSDT,4135.0,0.15,0.7,0.5599999999999999,506.7739256816493,0.0,1.3547851363298604,26,2.2059501000678847
2025-10-13 16:00:00,BTCUSDT,115792.84,0.15,0.7,0.5599999999999999,506.7739256816493,0.0,1.3547851363298604,26,2.2059501000678847
2025-10-13 20:00:00,ETHUSDT,4240.85,0.30000000000000004,0.8999999999999999,0.72,506.7739256816493,0.0,1.3547851363298604,26,2.2059501000678847
2025-10-14 00:00:00,BTCUSDT,113500.0,0.2,0.8999999999999999,0.72,506.7739256816493,0.0,1.3547851363298604,26,2.2059501000678847
2025-10-14 04:00:00,ETHUSDT,3981.19,-0.3,0.7,0.5599999999999999,503.28281681175616,0.0,0.6565633623512326,26,2.2059501000678847
2025-10-14 08:00:00,BTCUSDT,111313.98,0.15,0.6000000000000001,0.4800000000000001,503.28281681175616,0.0,0.6565633623512326,26,2.2059501000678847
2025-10-14 12:00:00,ETHUSDT,4085.4,0.2,0.8999999999999999,0.72,503.2828168117562,0.0,0.656563362351244,27,2.2899748265660778
2025-10-14 16:00:00,BTCUSDT,112613.7,0.15,0.6000000000000001,0.4800000000000001,503.2828168117562,0.0,0.656563362351244,27,2.2899748265660778
2025-10-14 20:00:00,ETHUSDT,4125.02,0.5,0.6000000000000001,0.4800000000000001,503.2828168117562,0.0,0.656563362351244,27,2.2899748265660778
2025-10-15 00:00:00,BTCUSDT,112024.29,0.30000000000000004,0.4,0.32000000000000006,503.2828168117562,0.0,0.656563362351244,27,2.2899748265660778
2025-10-15 04:00:00,ETHUSDT,4122.04,0.7,0.8,0.6400000000000001,503.2828168117562,0.0,0.656563362351244,27,2.2899748265660778
2025-10-15 08:00:00,BTCUSDT,111905.73,0.5,0.5,0.4,503.2828168117562,0.0,0.656563362351244,27,2.2899748265660778
2025-10-15 12:00:00,ETHUSDT,3980.97,0.3,0.7,0.5599999999999999,503.2828168117562,0.0,0.656563362351244,27,2.2899748265660778
2025-10-15 16:00:00,BTCUSDT,111271.73,0.2,0.6000000000000001,0.4800000000000001,503.2828168117562,0.0,0.656563362351244,27,2.2899748265660778
2025-10-15 20:00:00,ETHUSDT,3985.61,-0.2,0.5,0.4,503.2828168117562,0.0,0.656563362351244,27,2.2899748265660778
2025-10-16 00:00:00,BTCUSDT,111329.48,0.2,0.6000000000000001,0.4800000000000001,503.2828168117562,0.0,0.656563362351244,27,2.2899748265660778
2025-10-16 04:00:00,ETHUSDT,4004.3,0.2,0.6000000000000001,0.4800000000000001,503.2828168117562,0.0,0.656563362351244,27,2.2899748265660778
2025-10-16 08:00:00,BTCUSDT,111404.72,0.30000000000000004,0.4,0.32000000000000006,503.2828168117562,0.0,0.656563362351244,27,2.2899748265660778
2025-10-16 12:00:00,ETHUSDT,3907.18,-0.2,0.5,0.4,499.6173527797133,0.0,-0.07652944405733705,27,2.2899748265660778
2025-10-16 16:00:00,BTCUSDT,108197.66,0.2,0.6000000000000001,0.4800000000000001,499.6173527797133,0.0,-0.07652944405733705,27,2.2899748265660778
2025-10-16 20:00:00,ETHUSDT,3894.51,0.2,0.6000000000000001,0.4800000000000001,499.6173527797133,0.0,-0.07652944405733705,28,2.373266460257862
2025-10-17 00:00:00,BTCUSDT,109176.74,0.2,0.6000000000000001,0.4800000000000001,499.6173527797133,0.0,-0.07652944405733705,28,2.373266460257862
2025-10-17 04:00:00,ETHUSDT,3756.49,0.2,0.6000000000000001,0.4800000000000001,499.6173527797133,0.0,-0.07652944405733705,28,2.373266460257862
2025-10-17 08:00:00,BTCUSDT,105683.72,0.2,0.6000000000000001,0.4800000000000001,494.7179295327358,0.0,-1.056414093452838,29,2.4555517194260523
2025-10-17 12:00:00,ETHUSDT,3797.75,0.2,0.6000000000000001,0.4800000000000001,494.7179295327358,0.0,-1.056414093452838,29,2.4555517194260523
2025-10-17 16:00:00,BTCUSDT,106454.72,0.2,0.6000000000000001,0.4800000000000001,494.7179295327358,0.0,-1.056414093452838,29,2.4555517194260523
2025-10-17 20:00:00,ETHUSDT,3831.57,0.2,0.6000000000000001,0.4800000000000001,494.7179295327358,0.0,-1.056414093452838,29,2.4555517194260523
2025-10-18 00:00:00,BTCUSDT,107070.4,0.4,0.6000000000000001,0.4800000000000001,494.7179295327358,0.0,-1.056414093452838,29,2.4555517194260523
2025-10-18 04:00:00,ETHUSDT,3870.56,0.2,0.5,0.4,494.7179295327358,0.0,-1.056414093452838,29,2.4555517194260523
