,Open,High,Low,Close,Adj Close,Volume,rsi,sma_20,sma_50,ema_12,ema_26,macd,macd_signal,macd_histogram,bb_middle,bb_upper,bb_lower,volatility,volume_sma
2025-09-12 23:01:09.137170,45000.0,45281.55030649425,44718.44969350575,45000.0,45000.0,828568.4887167434,,,,45000.0,45000.0,0.0,0.0,0.0,,,,,
2025-09-13 03:01:09.137170,45108.55629342972,45406.94892442537,44444.73399268438,44925.841458554874,44925.841458554874,955307.4429348299,,,,44959.83079005055,44961.49460348041,-1.6638134298555087,-0.9243407943641715,-0.7394726354913372,,,,,
2025-09-13 07:01:09.137170,45032.14445102395,45933.83617849949,45282.55072531331,45608.1934519064,45608.1934519064,985434.2174686254,,,,45212.88688671022,45193.84722078082,19.039665929398325,7.2576291743909485,11.782036755007375,,,,,
2025-09-13 11:01:09.137170,45262.74622553862,47549.588856718685,46751.05691224913,47150.32288448391,47150.32288448391,910697.0095865958,,,,45824.45971531781,45740.79231918822,83.66739612958918,33.14169657113831,50.52569955845087,,,,,
2025-09-13 15:01:09.137170,47200.79583030035,47543.9509079703,46736.53397217442,47140.24244007236,47140.24244007236,750852.2442576024,,,,46181.95317905688,46065.330574391715,116.62260466516454,57.97537936921845,58.64722529594609,,,,,
2025-09-13 19:01:09.137170,47231.06221355632,47264.561988475936,47101.138594520344,47182.850291498136,47182.850291498136,823228.5127597734,,,,46425.22383438152,46289.16086071061,136.06297367090883,79.14145901123271,56.92151465967612,,,,,
2025-09-13 23:01:09.137170,47196.58255773863,49064.704139021065,48914.0861398607,48989.39513944088,48989.39513944088,771405.9404338754,,,,46997.409689754684,46769.383529539344,228.0261602153405,116.82020500359084,111.20595521174965,,,,,
2025-09-14 03:01:09.137170,49126.757613192574,50303.81472210212,49945.13664522812,50124.47568366512,50124.47568366512,1216610.2486350555,,,,47649.98016488371,47309.97200913536,340.00815574834996,170.45646661790047,169.5516891304495,,,,,
2025-09-14 07:01:09.137170,49779.20090999364,50629.84710188241,49573.89797999377,50101.87254093809,50101.87254093809,812434.9920169754,,,,48135.05174700909,47723.7929583651,411.2587886439942,226.0829976324079,185.17579101158628,,,,,
2025-09-14 11:01:09.137170,50230.580732067734,51412.79295762493,50885.91851563759,51149.35573663126,51149.35573663126,1103009.5372612097,,,,48706.26118155013,48196.48728183245,509.77389971767843,289.64622793377407,220.12767178390436,,,,,
2025-09-14 15:01:09.137170,51295.35914572181,53221.18767444446,49272.38550467527,51246.786589559866,51246.786589559866,1227113.1280361197,,,,49171.116074821686,48592.112068380906,579.0040064407804,352.95605649925767,226.0479499415227,,,,,
2025-09-14 19:01:09.137170,51413.69513176974,51889.64245243495,50908.94214255272,51399.292297493834,51399.292297493834,936946.1510719309,,,,49567.278492423146,48937.0183906144,630.2601018087444,412.5093357491183,217.75076605962607,,,,,
2025-09-14 23:01:09.137170,51200.67895200939,52734.401686869176,51939.95553381501,52337.17861034209,52337.17861034209,952636.2786519983,,,,50048.23837996739,49335.3465470565,712.8918329108928,476.08070834988433,236.8111245610085,,,,,
2025-09-15 03:01:09.137170,52358.603917625245,51342.66454271627,50846.67474007022,51094.669641393244,51094.669641393244,1462931.7133347017,84.65490687044552,,,50226.412213113144,49532.93946784389,693.4727452692532,521.5592846730384,171.9134605962148,,,,,
2025-09-15 07:01:09.137170,51269.99082996937,51067.31681234021,49195.15065606898,50131.233734204594,50131.233734204594,677456.8257620697,76.29565872887946,,,50210.46818849727,49597.66025198903,612.8079365082376,540.4745362911642,72.3334002170734,,,,,
2025-09-15 11:01:09.137170,50404.185918712465,50645.54846200083,50169.76885398993,50407.65865799538,50407.65865799538,1012856.0038190925,77.52172104600194,,,50243.055468340914,49682.39273923537,560.6627291055411,544.6291158731477,16.03361323239335,,,,,
2025-09-15 15:01:09.137170,50227.37473192951,50829.685444032184,49745.739058575105,50287.712251303645,50287.712251303645,1135919.549786935,74.89988222852372,,,50250.35208677965,49743.83795588641,506.51413089323614,536.8305098819865,-30.31637898875033,,,,,
2025-09-15 19:01:09.137170,50342.138287639755,51935.522827442546,51182.384044326005,51558.95343588428,51558.95343588428,1009114.3679807627,74.15481422222011,,,50462.14672808218,49923.1681651689,538.9785629132821,537.2680016391029,1.7105612741792129,,,,,
2025-09-15 23:01:09.137170,52111.6510032376,51996.17171954656,51322.94400235937,51659.55786095297,51659.55786095297,1126783.8044636021,74.51804588643023,,,50654.40698806484,50090.58125721355,563.8257308512912,542.6572142200083,21.16851663128284,,,,,
2025-09-16 03:01:09.137170,51707.71859826425,52335.900155141615,50258.2228781858,51297.06151666371,51297.06151666371,867642.7070463224,71.57156071932357,49439.632711149236,,50756.90521401156,50204.361515849225,552.5436981623352,544.6575735817244,7.88612458061084,49439.632711149236,54200.53625774367,44678.7291645548,,978347.4582012411
2025-09-16 07:01:09.137170,51093.791591300636,54406.896570073346,53487.171567005134,53947.03406853924,53947.03406853924,977052.7117066202,73.88160021845471,49886.98441457619,,51262.84864068983,50550.32394469475,712.5246959950819,578.543540948246,133.98115504683585,49886.98441457619,54572.19787846331,45201.77095068907,0.018860558726621082,985771.6693507349
2025-09-16 11:01:09.137170,54180.55869331379,55246.81878788202,54691.64353842743,54969.23116315473,54969.23116315473,759940.7185888448,73.59442669291363,50389.15389980619,,51847.88894489673,50951.4300692456,896.4588756511293,642.599255638966,253.8596200121633,50389.15389980619,54987.577621859615,45790.73017775276,0.01879494554869076,976003.3331334356
2025-09-16 15:01:09.137170,54838.694270159416,56583.310478135725,56206.028744539035,56394.66961133738,56394.66961133738,869334.1534852576,76.96241513973146,50928.47770777774,,52562.723595636395,51437.40133207524,1125.3222635611528,739.7171400260493,385.60512353510353,50928.47770777774,55693.09203946128,46163.8633760942,0.019093025904135922,970198.3299342671
2025-09-16 19:01:09.137170,56508.86366027876,57229.7917290177,55244.11634963329,56236.954039325494,56236.954039325494,747823.209132991,73.59782224182375,51382.80926551982,,53138.43678338198,51859.48626980064,1278.9505135813379,848.0755227317344,430.8749908496035,51382.80926551982,56358.74049331115,46406.87803772849,0.018521206851264748,962054.639911587
2025-09-16 23:01:09.137170,56833.67204190383,57657.09483853062,56608.29629466571,57132.695566598166,57132.695566598166,1206493.0521102294,75.4182515299312,51882.4319218461,,53762.520577242554,52316.8823888835,1445.6381883590511,968.0412736501814,477.5969147088697,51882.4319218461,57067.00109656301,46697.86274712919,0.01844961408695012,984836.6803042183
2025-09-17 03:01:09.137170,56994.36757725796,59749.55721114805,57961.09688606696,58855.327048607505,58855.327048607505,1253382.2298373245,78.35373441362695,52466.05575970157,,54556.342760688894,52876.93121158513,1679.4115491037664,1110.7466292132422,568.6649198905243,52466.05575970157,58036.68761503783,46895.423904365314,0.01886038475920797,1006344.3661580959
2025-09-17 07:01:09.137170,58985.93273657787,59629.26152116454,58791.235820444075,59210.24867080431,59210.24867080431,1154926.8106858674,77.34945817961231,52977.09843626975,,55280.286891941476,53413.19956744043,1867.0873245010443,1262.3813986466412,604.7059258544032,52977.09843626975,59056.8385299135,46897.358342626,0.017777436014604634,1025520.4096706957
2025-09-17 11:01:09.137170,59192.62611513112,62010.90200021526,60871.864196024275,61441.38309811977,61441.38309811977,351746.53198618547,88.16876320936319,53542.94380699248,,56237.04773827968,54085.849144123495,2151.198594156187,1440.4893486276071,710.7092455285799,53542.94380699248,60541.86743441009,46544.02017957487,0.01863307568168159,982277.223838252
2025-09-17 15:01:09.137170,61363.79241537911,63267.01796436375,61983.96240085245,62625.490182608104,62625.490182608104,750443.3636070301,95.35260861729623,54169.12468907598,,57227.68233561393,54794.46962523328,2433.212710380649,1639.3417301344336,793.8709802462151,54169.12468907598,62056.33023773011,46281.91914042185,0.018550667686984188,979177.6424177547
2025-09-17 19:01:09.137170,62177.67365848203,65338.81329169334,63239.88016525452,64289.34672847393,64289.34672847393,911991.1026606032,95.77787809089826,54826.12423866811,,58321.37634082921,55575.40070246332,2745.9756383658896,1860.9428406682048,885.0327976976848,54826.12423866811,63772.21983429798,45880.02864303824,0.018745864303150124,969626.7206877244
2025-09-17 23:01:09.137170,64752.63931953023,65756.48855898419,65584.77223640546,65670.63039769483,65670.63039769483,712827.5697641121,96.83248441780893,55547.316429074854,,59458.438679659965,56398.97780548754,3059.4608741724223,2100.8840736565617,958.5768005158607,55547.316429074854,65542.51809625364,45552.11476189607,0.01872071934781194,943912.4427741241
2025-09-18 03:01:09.137170,65673.9904555351,71196.67320187617,69559.44900937595,70378.06110562607,70378.06110562607,803698.2697904098,97.3805428580239,56496.25486948147,,61146.42971849863,57530.9057710088,3615.5239474898262,2404.0522429931075,1211.4717044967188,56496.25486948147,68277.41259953787,44715.097139425074,0.022728593124608044,937250.048710048
2025-09-18 07:01:09.137170,70448.10828271975,73212.13313297578,72538.61386732271,72875.37350014925,72875.37350014925,879956.6245682411,97.6626243756933,57523.16461397182,,62958.19281022701,58764.87991045939,4193.312899767618,2762.1313339352905,1431.1815658323271,57523.16461397182,71205.00972852754,43841.31949941611,0.023138330353197095,933616.0660058601
2025-09-18 11:01:09.137170,72734.9741387193,74072.44491036789,73969.10881921303,74020.77686479046,74020.77686479046,1022703.4690502496,99.31544524852248,58669.46997514169,,64665.95931874887,59983.99714295946,4681.962175789413,3146.292295055294,1535.669880734119,58669.46997514169,73843.76645586852,43495.173494414856,0.021077675460774638,911604.6537916375
2025-09-18 15:01:09.137170,74607.76784904896,78567.2435610669,77533.65165066805,78050.44760586748,78050.44760586748,752436.9002346302,99.3541235301262,60065.43066872484,,66731.07720148638,61419.330873275496,5311.74632821088,3579.5588554833344,1732.1874727275458,60065.43066872484,76970.6042191645,43160.257118285175,0.02053023765328269,915353.6575152654
2025-09-18 19:01:09.137170,77288.64097327406,80886.2492954525,77507.65446482485,79196.95188013867,79196.95188013867,969642.9809928833,99.35739479222126,61504.895329832,,68653.60353862315,62824.16908688002,5829.434451743131,4029.6800474134693,1799.7544043296616,61504.895329832,79793.6874921881,43216.10316747591,0.020229202713942653,913193.0063739552
2025-09-18 23:01:09.137170,79308.22037727728,83199.97169823293,82226.7379015362,82713.35479988456,82713.35479988456,875460.0960358812,99.40784379687112,63126.17745726104,,70821.12540130994,64388.129470040774,6432.995931269164,4510.468043884794,1922.5278873843708,63126.17745726104,82915.49970432435,43336.85521019773,0.019836618748591252,900170.0336864025
2025-09-19 03:01:09.137170,82509.465993759,83063.48633017695,82718.45721857726,82890.9717743771,82890.9717743771,882127.0486111577,100.0,64692.77837418569,,72681.28038889433,65836.47262134231,6844.807767552018,4977.43297343971,1867.3747941123083,64692.77837418569,85557.97836399521,43827.578384376175,0.02050553989447404,893820.6677179221
2025-09-19 07:01:09.137170,83038.93857722782,84923.90929047171,83493.035396671,84208.47234357135,84208.47234357135,861418.0809478692,100.0,66320.2240983166,,74457.32466913249,67268.55519487205,7188.769474260436,5419.773770075175,1768.9957041852613,66320.2240983166,87967.97634764954,44672.47184898365,0.01993783372365188,880552.3815421354
2025-09-19 11:01:09.137170,84337.858459596,89002.9714952964,87415.90747979573,88209.43948754607,88209.43948754607,1162572.423767792,100.0,68165.84299686072,,76575.68908776074,68894.57921223198,7681.109875528753,5872.101115783007,1809.008759745746,68165.84299686072,90696.69084181092,45634.995151910516,0.019050020309150803,895298.867378209
2025-09-19 15:01:09.137170,87843.81356128903,94042.97210151418,92866.13843340347,93454.55526745883,93454.55526745883,887963.7919606061,100.0,70141.2190568067,,79175.19394698797,70794.82763135493,8380.366315633044,6373.807506327413,2006.5588093056313,70141.2190568067,94292.4442684393,45989.9938451741,0.019638591903293066,890844.4213909084
2025-09-19 19:01:09.137170,93739.76467598166,98788.7829367524,97323.25025384186,98056.01659529713,98056.01659529713,995819.6812071704,100.0,72295.55832841383,,82082.54426376928,72897.14087481394,9185.40338895534,6936.17452374794,2249.2288652073994,72295.55832841383,98359.49238270367,46231.62427412399,0.02006453005471694,902638.3695218244
2025-09-19 23:01:09.137170,98682.43024642044,102550.90708327532,102310.54849803349,102430.7277906544,102430.7277906544,881685.722232834,100.0,74597.36123737968,,85215.4123195094,75167.78522933509,10047.627090174312,7558.507390813417,2489.1196993608946,74597.36123737968,102792.67765033207,46402.044824427285,0.02032066968512176,903255.9479592033
2025-09-20 03:01:09.137170,102327.17408794077,107319.0803502148,106151.19009105401,106735.1352206344,106735.1352206344,956463.759354556,100.0,77122.27029644513,,88528.2669265327,77587.99302810867,10940.273898424028,8234.897518516918,2705.3763799071094,77122.27029644513,107364.6735016183,46879.86709127196,0.018877875960676697,913687.9754702816
2025-09-20 07:01:09.137170,107175.6398487472,110022.00182014283,107630.48665896038,108826.24423955161,108826.24423955161,1162701.9272001276,100.0,79706.94773009278,,91652.73089304828,79976.7729731523,11675.957919895984,8923.139575962181,2752.8183439338027,79706.94773009278,111549.69204914379,47864.20341104177,0.01872349307380544,911498.4192247766
2025-09-20 11:01:09.137170,108837.67308554909,114202.87788400672,111259.51413805549,112731.1960110311,112731.1960110311,1136390.5942589927,100.0,82400.74117821397,,94897.06376939581,82475.50808055702,12421.555688838795,9622.847179789045,2798.7085090497494,82400.74117821397,115889.12774038882,48912.354616039105,0.018722999756713515,905648.83744586
2025-09-20 15:01:09.137170,112913.91431414388,117851.15639454001,117122.11245442073,117486.63442448038,117486.63442448038,973971.3891264631,100.0,85314.56046589778,,98373.73528344941,85140.50289643118,13233.23238701823,10344.944350366144,2888.288036652086,85314.56046589778,120409.63815158341,50219.48278021215,0.01767885528709748,896601.0663678898
2025-09-20 19:01:09.137170,117836.24940384371,126262.62923736362,126017.92727708345,126140.27825722354,126140.27825722354,836355.8633533055,100.0,88549.50522385296,,102646.91820774265,88254.9774124981,14391.940795244547,11154.361689951675,3237.5791052928726,88549.50522385296,126212.60891456867,50886.40153313725,0.019682776815669694,920831.5329362458
2025-09-20 23:01:09.137170,125505.78169505367,136571.25861976465,130973.192566344,133772.22559305432,133772.22559305432,757162.2774424535,100.0,92106.84199437527,,107436.7615978492,91706.09403587392,15730.667561975279,12069.63919345271,3661.0283685225695,92106.84199437527,132779.7776148451,51433.90637390543,0.01990858736046197,921167.478628017
2025-09-21 03:01:09.137170,134301.73799550638,137958.57379224282,134799.73021515875,136379.1520037008,136379.1520037008,1124823.963410431,100.0,95711.33225813662,69762.43359126571,111890.48704680079,95087.3009257903,16803.186121010483,13016.362091044975,3786.824029965508,95711.33225813662,138714.98920520413,52707.67531106912,0.020199478115095305,931809.1216655083
2025-09-21 07:01:09.137170,136370.80098122256,145792.42493053537,143971.70503245422,144882.0649814948,144882.0649814948,820549.1257028338,100.0,99671.90398732663,71760.0748908956,116967.12714828218,98850.08642022288,18117.04072805929,14036.509466471742,4080.53126158755,99671.90398732663,145522.55064807748,53821.25732657578,0.02045237632471671,937195.1994624443
2025-09-21 11:01:09.137170,144391.52204604342,152137.3238441825,151906.8445056511,152022.0841749168,152022.0841749168,1195023.9466835503,100.0,103754.10514079116,73901.99974522286,122361.10794907487,102862.090415554,19499.017533520862,15129.021059303326,4369.996474217536,103754.10514079116,153033.03916034393,54475.171121238396,0.01923473072338855,956761.4833071014
2025-09-21 15:01:09.137170,151394.61515323204,159030.0323178156,158562.98833780593,158796.51032781077,158796.51032781077,935722.8316694013,100.0,108050.16198217422,76165.76608274093,127967.35520033432,107076.71532329862,20890.639877035705,16281.35324352667,4609.286633509035,108050.16198217422,160849.70657618452,55250.61738816393,0.019243878916055484,959549.7936621594
2025-09-21 19:01:09.137170,158348.92286895387,170845.31666803782,169440.17085571706,170142.74376187744,170142.74376187744,835555.9208867138,100.0,112856.26032702858,78625.61450028881,134456.6607813493,111822.65003788169,22634.010743467603,17551.89217109375,5082.118572373853,112856.26032702858,169938.8959094788,55773.62474457835,0.01959271865816858,950192.4162539827
2025-09-21 23:01:09.137170,170351.14018456932,184364.8626583265,183468.49979442847,183916.6812263775,183916.6812263775,898611.364925774,100.0,118149.57200805408,81361.1432760149,142066.67290928142,117241.58206200755,24825.090847273867,19006.53870942832,5818.552137845545,118149.57200805408,180986.5129569088,55312.63105919935,0.02125753772342781,957501.1394885399
2025-09-22 03:01:09.137170,184130.07049816553,199580.07375822793,197708.69148999074,198644.38262410933,198644.38262410933,710383.1317005352,100.0,124121.9435452526,84390.37392266713,150771.68918034114,123353.53934150124,27418.149838839905,20688.867229648906,6729.282609190999,124121.9435452526,193713.24508550478,54530.64200500042,0.021539751083617074,944538.1470239224
2025-09-22 07:01:09.137170,197930.80808020657,210663.26837758167,204815.55445599297,207739.41141678733,207739.41141678733,957310.5696576305,100.0,130373.24637609776,87565.37424821407,159536.59588003095,129683.08891077148,29853.50696925947,22521.800663825543,7331.706305433927,130373.24637609776,206461.34338769608,54285.14936449942,0.02153228839220428,948630.67070501
2025-09-22 11:01:09.137170,209271.85957748332,220368.04808839667,219002.0133264852,219685.03070744095,219685.03070744095,1171531.9246404038,100.0,137212.94932275097,90956.5853486896,168790.77456085815,136427.5906542135,32363.18390664464,24490.082025486878,7873.101881157763,137212.94932275097,219657.24068766236,54768.657957839576,0.01880318349273108,963100.9145064721
2025-09-22 15:01:09.137170,219664.14282635576,235753.53350524642,235000.61623840456,235377.0748718255,235377.0748718255,799494.1270724382,100.0,144771.37944916365,94662.08939530732,179035.35780044273,143836.2017499849,35199.15605045782,26631.900933390974,8567.255117066848,144771.37944916365,234178.97861295455,55363.78028537276,0.01754435410644228,960004.7168127006
2025-09-22 19:01:09.137170,235037.35674149796,255533.270067123,255438.67313639476,255485.97160175888,255485.97160175888,1064543.7120676178,100.0,153135.2060548743,98748.82171260989,190797.51242420898,152189.04654994459,38608.465874264395,29027.217592377754,9581.248281886641,153135.2060548743,251146.5482530776,55123.86385667097,0.018928464602713295,955103.281227692
2025-09-22 23:01:09.137170,256149.40034570335,272399.9659705691,267930.18774171727,270165.0768561432,270165.0768561432,1306547.7826005155,100.0,161970.7321343085,103127.18751794154,203008.3652579436,161008.66104211003,41999.70421583357,31621.71809791728,10377.986117916287,161970.7321343085,268793.2020324759,55148.26223614106,0.018907612357269857,976032.4807596874
2025-09-23 03:01:09.137170,270707.7192475176,287888.15852961596,287262.6236850285,287575.39110732224,287575.39110732224,1138028.7983422226,100.0,171446.70085990976,107850.70949413812,216019.09012690478,170464.03256857628,45555.057558328495,34408.38872315812,11146.668835170378,171446.70085990976,287611.7378904535,55281.663829366036,0.018983102708241325,983142.9366164401
2025-09-23 07:01:09.137170,287897.60852282646,302341.9307266915,299925.5104571589,301133.7205919252,301133.7205919252,1002518.480156359,100.0,181381.85049997328,112826.64033376977,229114.00055288264,180219.75132423063,48894.249228652014,37305.563097489176,11588.686131162838,181381.85049997328,306348.6880086145,56415.01299133203,0.01891545994928628,989184.5745126164
2025-09-23 11:01:09.137170,299969.82403059345,315434.2830483736,314818.67654645286,315126.4797974132,315126.4797974132,1004902.0348517885,100.0,191801.41772881226,118107.27653689016,242346.99056264473,190285.91307028342,52061.077492361306,40256.667828902064,11804.409663459242,191801.41772881226,325039.2509085238,58563.58454910075,0.018773627974332713,991606.488287478
2025-09-23 15:01:09.137170,317412.94868143805,344488.6785401505,341074.58520131145,342781.63187073095,342781.63187073095,1191854.1652170413,100.0,203499.18711037122,123960.2844996207,257798.77113414317,201658.33012737258,56140.44100677059,43433.42405974153,12707.016947029064,203499.18711037122,346766.99697501154,60231.377245730924,0.018030575835360337,993064.1001883235
2025-09-23 19:01:09.137170,341466.468621637,385091.2145272559,368857.32679680205,376974.270662029,376974.270662029,1174464.1273441357,100.0,216711.3408429211,130491.61673970136,276133.7618639291,214726.0223970991,61407.73946683001,47028.28858534037,14379.45088148964,216711.3408429211,372889.6914291356,60532.9902567066,0.019296585151079446,994967.7768425805
2025-09-23 23:01:09.137170,381101.76748024556,404971.6957975423,403489.44692286354,404230.5713602029,404230.5713602029,838340.3429289698,100.0,231048.53768970724,137570.47392187937,295841.2348038938,228844.75511280532,66996.47969108846,51021.92808999625,15974.551601092215,231048.53768970724,400919.870944084,61177.20443533044,0.018806190967824467,988186.2245327061
2025-09-24 03:01:09.137170,403019.1072025182,446321.22830321547,438887.9336215479,442604.5809623817,442604.5809623817,575220.8551380386,100.0,246871.7528249651,145391.3864724093,318420.47432267235,244763.7539636882,73656.72035898414,55548.88770772081,18107.83265126333,246871.7528249651,433706.8986488458,60036.60700108443,0.01995430857188056,975129.4741219428
2025-09-24 07:01:09.137170,440924.60299457255,481954.521403714,476913.22607009334,479433.8737369037,479433.8737369037,1030078.7572952416,100.0,264154.8352321576,153946.8727899283,343192.01085906103,262233.03076711524,80958.98009194579,60630.90722987659,20328.072862069203,264154.8352321576,469929.1387373622,58380.53172695299,0.020330217189928976,988775.2981145822
2025-09-24 11:01:09.137170,483931.37300309114,511953.6426412064,508466.2965210975,510209.9695811519,510209.9695811519,1190084.76763721,100.0,282846.3761110302,163125.13095121807,368887.2958721547,280686.1052240864,88201.19064806832,66144.96482085563,22056.225827212693,282846.3761110302,506856.98855981044,58835.7636622499,0.017144940864039077,992038.3383259211
2025-09-24 15:01:09.137170,507918.06897045235,556997.3191216622,550607.506392975,553802.4127573186,553802.4127573186,1098383.834301301,100.0,303292.3934998213,173122.23852499365,397335.97628592816,301002.99673189636,96332.9795540318,72182.56856228322,24150.410991748577,303292.3934998213,547975.1371471954,58609.64985244727,0.017495264217829494,1005930.0737558443
2025-09-24 19:01:09.137170,558873.744174297,622887.1158638012,606654.3017740736,614770.7088189374,614770.7088189374,1235888.0241442574,100.0,326429.82473202236,184318.26807810934,430787.67347905843,324336.5599243451,106451.11355471332,79036.2782825491,27414.835272164215,326429.82473202236,597027.6167192084,55832.03274483635,0.019018095664396044,1007973.2776288798
2025-09-24 23:01:09.137170,609504.7841751805,666900.9526316461,660672.302156327,663786.6273939864,663786.6273939864,1270774.4748330826,100.0,351679.3305853312,196466.1072337623,466633.8476248972,349572.6499652191,117061.19765967812,86641.26279869357,30419.934860984547,351679.3305853312,649307.8405284457,54050.82064221671,0.01788946001356829,1024725.8597870639
2025-09-25 03:01:09.137170,667894.856969277,739545.7792066885,737853.5682803137,738699.6737435011,738699.6737435011,681114.4682411265,100.0,380107.1770844123,210115.3616278458,508490.30763221835,378494.1178616759,129996.18977054243,95312.24877748663,34683.9409930558,380107.1770844123,711431.261297503,48783.092871321656,0.0198352141754652,1017003.7871547844
2025-09-25 07:01:09.137170,738719.0413398562,765634.0992021181,756510.7432035594,761072.4212028388,761072.4212028388,1009396.1187529484,100.0,408964.9640832354,224194.15614057062,547349.2350019201,406921.7546675646,140427.48033435555,104335.29557538213,36092.184758973424,408964.9640832354,767741.4524448267,50188.47572164406,0.02229861971754048,1022543.0248461431
2025-09-25 11:01:09.137170,763442.5907331276,841128.6544897467,833591.3181489334,837359.9863193401,837359.9863193401,786475.9141234811,100.0,440900.744267997,239764.24932598526,591966.4103292703,438898.24572140264,153068.16460786766,114081.86980230662,38986.29480556103,440900.744267997,833010.3873194718,48791.10121652216,0.023039928963509176,1026347.6639672905
2025-09-25 15:01:09.137170,837863.6400619628,911218.7539430432,908627.6659821753,909923.2099626092,909923.2099626092,1102887.76681175,100.0,476009.934195288,256778.5085518214,640882.9678231917,473882.36120219756,167000.6066209941,124665.61753127583,42334.98908971828,476009.934195288,904293.4432646341,47726.42512594187,0.022123228936610274,1033626.5238249965
2025-09-25 19:01:09.137170,904806.5202512883,989759.138127706,975772.1252242054,982765.6316759557,982765.6316759557,693177.1658528756,100.0,514163.96424371377,275204.9935233781,693480.416072299,511670.80951202376,181809.60656027525,136094.41565259037,45715.19090768488,514163.96424371377,980563.7047579766,47764.223729450954,0.021654104390644652,1009708.7858856202
2025-09-25 23:01:09.137170,984398.5656254451,1083891.994956368,1056544.1385904993,1070218.0667734337,1070218.0667734337,850302.6926886893,100.0,555906.0138387942,295356.84505519463,751440.1621950116,553139.5756606446,198300.58653436706,148535.6501037177,49764.936430649366,555906.0138387942,1064751.4502901335,47060.57738745498,0.021729727675710596,1012249.2141664326
2025-09-26 03:01:09.137170,1070837.052190872,1139547.720857817,1104735.477687265,1122141.599272541,1122141.599272541,1235859.4368127652,100.0,599238.7952223334,316513.89010607597,808471.2420631126,595377.3691203471,213093.87294276548,161447.29489965626,51646.57804310921,599238.7952223334,1146519.8081970601,51957.782247606665,0.022689738710099536,1020815.0004036899
2025-09-26 07:01:09.137170,1133703.8541331643,1218336.7471495806,1216692.6522771977,1217514.6997133892,1217514.6997133892,1351068.1684886408,100.0,646606.2763651956,339550.7714923899,871401.0883874634,641552.2060220131,229848.88236545026,175127.61258618327,54721.26977926699,646606.2763651956,1236308.328802392,56904.22392799938,0.02227132029354949,1023041.0196980962
2025-09-26 11:01:09.137170,1223429.2092863964,1339726.131355286,1333071.822688435,1336398.9770218604,1336398.9770218604,1129075.1899170296,100.0,699047.4556609225,364871.1898107145,942939.3055240284,693116.0064412155,249823.29908281285,190066.75005443825,59756.549028374604,699047.4556609225,1338737.293855172,59357.617466672906,0.02241301056471495,1022593.3392768365
2025-09-26 15:01:09.137170,1329951.3633937421,1518847.8918464389,1477834.352964981,1498341.12240571,1498341.12240571,1137210.291999688,100.0,758907.8257516117,393380.50478882575,1028385.8201714298,752862.8059772289,275523.01419420086,207158.00303700264,68365.01115719823,758907.8257516117,1462669.8100626294,55145.84144059406,0.022800656472753728,1029327.929869003
2025-09-26 19:01:09.137170,1485165.1639251777,1638927.647588799,1604597.3844129962,1621762.5160008976,1621762.5160008976,763348.297466845,100.0,824239.627561786,424335.33957154787,1119674.616085428,817326.1436725095,302348.4724129186,226196.09704996462,76152.37536295396,824239.627561786,1594037.3955474403,54441.85957613157,0.021056221345928647,1017250.242999756
2025-09-26 23:01:09.137170,1619577.9464726143,1783389.5955490805,1712108.278135975,1747748.9368425277,1747748.9368425277,1143508.4511591925,100.0,894487.9928103758,457729.30935628107,1216301.5004733491,886345.8805921228,329955.61988122633,246948.00173636226,83007.61814486407,894487.9928103758,1732677.3764338735,56298.609186877846,0.021121230274444295,1014832.9572968634
2025-09-27 03:01:09.137170,1748396.432211049,1924685.0139986556,1867709.7045019446,1896197.3592503,1896197.3592503,1325723.1091142583,100.0,970449.1472397894,494069.3175036843,1320900.9236419266,961249.7078813653,359651.2157605613,269488.64464560314,90162.57111495815,970449.1472397894,1883208.5397527013,57689.75472687755,0.02083661536247014,1022395.9063853696
2025-09-27 07:01:09.137170,1880047.6128338072,2142280.624681046,2083954.2949279356,2113117.4598044907,2113117.4598044907,988890.4602206763,100.0,1055893.4916620036,534677.3996037765,1442780.450176184,1046678.8634126746,396101.58676350943,294811.23316301336,101290.35360049608,1055893.4916620036,2060769.895996186,51017.087327821064,0.021668781161815344,1029923.4122499548
2025-09-27 11:01:09.137170,2112772.020589283,2341378.458266545,2323462.4162196456,2332420.4372430956,2332420.4372430956,586511.5799920247,100.0,1150384.2844760395,579667.9889131509,1579648.196967372,1142028.1307812545,437620.0661861175,323372.99985229917,114247.06633381831,1150384.2844760395,2262164.871426165,38603.69752591383,0.021940428187481466,1030487.9484926543
2025-09-27 15:01:09.137170,2317207.5806294065,2539301.9377892558,2534779.9140379964,2537040.9259136263,2537040.9259136263,1133934.5097660078,100.0,1253264.6370848757,628724.637984552,1726939.4374602262,1245472.0573887394,481467.3800714868,354991.8759711184,126475.50410036842,1253264.6370848757,2478629.991643917,27899.282525834627,0.02192410216406421,1035680.7361161925
2025-09-27 19:01:09.137170,2525118.358496869,2825692.388639359,2805050.1851217225,2815371.2868805407,2815371.2868805407,897226.6165326613,100.0,1368522.7029498448,683267.8749324117,1894390.54068561,1361875.131376031,532515.4093095788,390496.58270616777,142018.82660341106,1368522.7029498448,2726119.6285757804,10925.777323909104,0.02178418854916928,1021037.8285609651
2025-09-27 23:01:09.137170,2814488.962226788,3136824.866540561,3071070.004640362,3103947.4355904614,3103947.4355904614,1191028.4641002477,100.0,1496029.954091502,743477.7325388718,2080476.2633408157,1491034.8965490316,589441.3667917841,430285.5395836791,159155.82720810495,1496029.954091502,3002321.85134767,-10261.943164666416,0.021955793643149927,1025670.0600509124
2025-09-28 03:01:09.137170,3111770.105036761,3513976.868808168,3445376.707945523,3479676.7883768454,3479676.7883768454,893948.4763255118,100.0,1639275.2580693974,811110.1479745028,2295737.9281079317,1638465.7550995408,657272.1730083909,475682.8663237415,181589.30668464943,1639275.2580693974,3326702.458359237,-48151.94222044223,0.022604997941634525,1008573.082659975
2025-09-28 07:01:09.137170,3477814.633080918,3818543.9115331555,3758467.8438275754,3788505.8776803655,3788505.8776803655,792951.5355161252,100.0,1795511.2205837164,884831.6509722971,2525394.5768368407,1797852.1636480123,727542.4131888284,526054.7757456867,201487.63744314166,1795511.2205837164,3670814.469625202,-79792.0284577692,0.022462781628678492,984681.9356941273
2025-09-28 11:01:09.137170,3765815.040496284,4180361.963091729,4134327.741301582,4157344.8521966557,4157344.8521966557,1392945.0265832779,100.0,1966443.479506374,965843.8453118175,2776463.887990766,1972755.572496537,803708.3154942293,581585.4837385464,222122.83175568294,1966443.479506374,4048025.4449930224,-115138.48598027416,0.021938093866826356,1020273.4636112349
2025-09-28 15:01:09.137170,4142799.8510036375,4562988.11686016,4559771.107919674,4561379.6123899175,4561379.6123899175,1042795.9821468444,100.0,2156458.8390657282,1054894.9126748247,3051066.3423168096,2164633.6661360874,886432.6761807222,642554.9222648834,243877.75391583878,2156458.8390657282,4457045.90069362,-144128.2225621636,0.01677638953582879,1021943.4567809297
2025-09-28 19:01:09.137170,4556339.981258574,4917553.046750455,4906517.8595012175,4912035.453125836,4912035.453125836,1122833.3400086851,100.0,2360192.612406053,1150880.9978171207,3337369.3134841407,2368270.853350136,969098.4601340047,707863.6298711873,261234.83026281744,2360192.612406053,4880149.195919443,-159763.9711073367,0.01711351206237432,1038761.3280751897
2025-09-28 23:01:09.137170,4899006.250900902,5509424.617300083,5426583.512545106,5468004.064922594,5468004.064922594,884836.3518710639,100.0,2588096.655154052,1257891.3464270832,3665159.305317195,2598012.2842591754,1067147.0210580197,779720.3081371426,287426.71292087715,2588096.655154052,5366955.423140649,-190762.11283254437,0.017646925642856238,1027858.7573281557
2025-09-29 03:01:09.137170,5405069.493493067,6105923.138838496,6072426.381796929,6089174.760317712,6089174.760317712,696961.7875602895,100.0,2843417.11158614,1377152.0360682928,4038084.7888832,2856754.107213888,1181330.681669312,860042.3828691419,321288.2988001702,2843417.11158614,5923282.308329839,-236448.08515755972,0.017850294821100086,1028047.9884135261
2025-09-29 07:01:09.137170,6139257.239730659,6848898.598972326,6664191.645681595,6756545.122326961,6756545.122326961,950192.7920887243,100.0,3127733.464363816,1509607.494002971,4456309.483039067,3145769.4113795017,1310540.0716595654,950141.9206501686,360398.1510093969,3127733.464363816,6549277.466398139,-293810.53767050663,0.018041082950824752,1033042.493383528
2025-09-29 11:01:09.137170,6767060.000894483,7515298.770037608,7429135.593127482,7472217.181582545,7472217.181582545,1615776.1616910475,100.0,3445237.2434793166,1656324.2545945481,4920295.308604195,3466392.777698086,1453902.5309061087,1050894.0427218801,403008.48818422854,3445237.2434793166,7241191.95993671,-350717.4729780769,0.01412030693779687,1052038.329627442
2025-09-29 15:01:09.137170,7467438.041458099,8186218.743410406,8004946.519260631,8095582.631335518,8095582.631335518,808891.9118799148,100.0,3789140.6400604234,1815338.265921628,5408801.07353769,3809440.125686159,1599360.9478515307,1160587.4237656863,438773.5240858444,3789140.6400604234,7962782.6584868375,-384501.3783659907,0.014209280063175152,1024929.5167970058
2025-09-29 19:01:09.137170,8103818.414718693,9084688.216419267,8797421.719371343,8941054.967895305,8941054.967895305,848729.8509431393,100.0,4169373.439604095,1991118.9235960362,5952224.771218426,4189707.9498780747,1762516.821340351,1280973.303296314,481543.5180440368,4169373.439604095,8766314.218773324,-427567.3395651337,0.01424512301055259,1010912.2498483114
2025-09-29 23:01:09.137170,8912149.74940149,10039536.30001167,9757965.594903568,9898750.947457619,9898750.947457619,783690.3992771211,100.0,4589393.930856692,2185918.0123386323,6559382.664930796,4612752.688773278,1946629.976157518,1414104.6378824401,532525.338275078,4589393.930856692,9668543.574369576,-489755.71265619155,0.013458800431868099,993236.2552121829
2025-09-30 03:01:09.137170,9942386.609354718,11062651.879166506,10695560.02704942,10879105.953107962,10879105.953107962,998405.4717366765,100.0,5052261.1027120445,2400097.2765255542,7223955.497431858,5077082.156041461,2146873.3413903974,1560658.3785962595,586214.9627941379,5052261.1027120445,10653164.901272673,-548642.6958485851,0.012873042096136622,1004989.1139256746
2025-09-30 07:01:09.137170,10883314.443189517,12287371.594137575,11928983.072594455,12108177.333366014,12108177.333366014,827743.1597343473,100.0,5570282.522538219,2638582.4895683466,7975374.2595377145,5598065.2077526655,2377309.051785049,1723988.5132449197,653320.5385401293,5570282.522538219,11768878.549230982,-628313.5041545443,0.012058631142271266,989200.8493544323
2025-09-30 11:01:09.137170,12140803.425244343,13834085.199415786,13418987.093526278,13626536.146471031,13626536.146471031,792550.7691347087,100.0,6156799.4618992545,2907140.3248452847,8844783.798340296,6192937.172827727,2651846.625512569,1909560.1357083588,742286.4898042104,6156799.4618992545,13070273.622406602,-756674.698608092,0.012488649102442101,962542.2323554547
2025-09-30 15:01:09.137170,13566877.927569745,15784435.648870962,15724462.029551137,15754448.83921105,15754448.83921105,723440.0538071328,100.0,6838866.030869583,3218074.513401171,9907809.207592906,6901385.213304966,3006423.9942879407,2128932.907433647,877491.0868542935,6838866.030869583,14699370.995814297,-1021638.9340751311,0.01703494933400247,949269.7120347775
2025-09-30 19:01:09.137170,15904857.873086177,17856817.27239986,17529081.027355153,17692949.149877507,17692949.149877507,720286.4852361717,100.0,7606892.466501303,3567539.7957845717,11105523.062361134,7700956.69720755,3404566.3651535846,2384059.5989863537,1020506.7661672309,7606892.466501303,16541704.13998628,-1327919.2069836743,0.017454836731748673,955958.4572969849
2025-09-30 23:01:09.137170,17635390.220426418,20031239.17167173,19806962.352639068,19919100.7621554,19919100.7621554,902574.9232470607,100.0,8475995.458313392,3961214.2695302432,12461458.109856483,8606210.269955633,3855247.8399008494,2678297.2471772977,1176950.5927235517,8475995.458313392,18632423.151443917,-1680432.2348171324,0.017347702802438934,944390.4779710375
2025-10-01 03:01:09.137170,19833051.166161276,22447539.25029503,22183149.760250617,22315344.505272824,22315344.505272824,1009704.3255889654,100.0,9450994.119233007,4402411.440203664,13977440.648081569,9621915.567130364,4355525.0809512045,3013742.8139394163,1341782.2670117882,9450994.119233007,20971678.764595315,-2069690.5261292998,0.017542019808165443,950014.3634238528
2025-10-01 07:01:09.137170,22345521.19147822,24402755.38433604,24000548.07787005,24201651.731103044,24201651.731103044,989952.3781101726,100.0,10505879.334008636,4881041.173288602,15550396.213234143,10702106.626316445,4848289.586917698,3380652.168541493,1467637.4183762055,10505879.334008636,23365367.51131794,-2353608.8433006667,0.018344438253778406,939960.559124349
2025-10-01 11:01:09.137170,24091829.03274037,27255334.61637158,27125392.930027712,27190363.773199644,27190363.773199644,884645.7338863334,100.0,11691413.683249775,5419096.9409304485,17341160.466636825,11923679.533047738,5417480.933589088,3788017.921556714,1629463.0120323738,11691413.683249775,26101828.31471429,-2719000.9482147396,0.01844176232121605,939495.4220023903
2025-10-01 15:01:09.137170,27258464.375958417,30857054.337327365,30394366.47878881,30625710.40805809,30625710.40805809,804488.9510402898,100.0,13033273.909768661,6025588.474679773,19384937.393649798,13309246.755912494,6075690.637737304,4245552.464797956,1830138.172939348,13033273.909768661,29232202.400131304,-3165654.580593981,0.018247402215297963,940072.2927785984
2025-10-01 19:01:09.137170,30740769.23028173,36036951.81881441,35965430.19279832,36001191.005806364,36001191.005806364,666118.9437757257,100.0,14625466.217449147,6739309.765199952,21941284.11691623,14990391.709018914,6950892.407897318,4786620.453422676,2164271.954474642,14625466.217449147,33232011.0327221,-3981078.597823806,0.023066061094852108,903730.9886382207
2025-10-01 23:01:09.137170,35881914.78325239,40668093.12480792,40228533.0611351,40448313.09297151,40448313.09297151,1114119.7337186318,100.0,16419812.891478226,7541420.394421968,24788519.35691673,16876433.946885396,7912085.410031334,5411713.444748887,2500371.9652824467,16419812.891478226,37673204.71566366,-4833578.932707202,0.02279395633760679,907297.17621681
2025-10-02 03:01:09.137170,40083290.91145362,46239779.99319427,45539268.005556256,45889523.99937526,45889523.99937526,674491.5124233675,100.0,18468687.318790697,8451671.388996232,28034827.77590865,19025836.936885588,9008990.839023061,6131168.923607848,2877821.9154152134,18468687.318790697,42737722.63450472,-5800347.996923331,0.021242643984738675,884880.0848375444
2025-10-02 07:01:09.137170,45949116.70925489,51830268.94254156,51780447.784667805,51805358.36360469,51805358.36360469,819136.6749791183,100.0,20785555.033724803,9479693.944841122,31691832.493584786,21454247.996680498,10237584.496904287,6952452.038270903,3285132.4586333847,20785555.033724803,48439972.05258049,-6868861.9851308875,0.02133049357652334,881595.1009929469
2025-10-02 11:01:09.137170,51374980.15233388,57733143.34262312,57000463.18366296,57366803.26314304,57366803.26314304,986784.0402705367,100.0,23349436.458866067,10618177.918484734,35641828.00744845,24114739.93830688,11527088.06914157,7867379.2444483945,3659708.824693176,23349436.458866067,54547872.91678296,-7848999.999050826,0.02146192519060474,896086.2136284594
2025-10-02 15:01:09.137170,57179834.49436255,67043644.23198393,65439254.86204035,66241449.54701214,66241449.54701214,1009479.7342632829,100.0,26323681.68010033,11933418.23195024,40349462.1014047,27235565.678839356,13113896.422565341,8916682.680074865,4197213.742490476,26323681.68010033,61896748.45485511,-9249385.094654448,0.02276614236513925,899050.5607371873
2025-10-02 19:01:09.137170,66114081.96360652,76699457.243537,75390851.89639534,76045154.56996617,76045154.56996617,1201258.5618428881,100.0,29752328.54951951,13444117.12395794,45841107.10737294,30851443.447472204,14989663.659900736,10131278.876042891,4858384.783857845,29752328.54951951,70515029.23573315,-11010372.136694133,0.023226685604185178,878324.6807447793
2025-10-02 23:01:09.137170,76362906.24914064,87948694.56888384,86939777.19454733,87444235.88171558,87444235.88171558,774058.6290684764,100.0,33719761.21203851,15181925.793337105,52241588.4679275,35043880.756377146,17197707.711550355,11544564.64314704,5653143.068403315,33719761.21203851,80595005.4552539,-13155483.031176887,0.021951865613858403,876583.0166042072
2025-10-03 03:01:09.137170,88074520.21423803,98193382.89490396,97158400.98229054,97675891.93859725,97675891.93859725,505671.09997454216,100.0,38156503.06057361,17123148.21793267,59231481.31941567,39683676.96441214,19547804.355003536,13145212.585520742,6402591.769482793,38156503.06057361,91507040.5577101,-15194034.43656288,0.02145966318679304,859430.0790557775
2025-10-03 07:01:09.137170,97957722.11227356,114637069.76253226,112824439.78492703,113730754.77372964,113730754.77372964,959390.9227914015,100.0,43348103.25188721,19384487.580859385,67615984.9377658,45169070.39454497,22446914.54322084,15005552.977062998,7441361.566157842,43348103.25188721,104724838.10346928,-18028631.59969487,0.022438041081365448,868215.1052314915
2025-10-03 11:01:09.137170,113387296.31794292,126640402.49052767,125703837.25801079,126172119.87426923,126172119.87426923,1017317.95749458,100.0,49112753.947945274,21893155.9848699,76624621.09092933,51169726.46474517,25454894.626184158,17095421.30688924,8359473.319294918,49112753.947945274,118750463.0321717,-20524955.136281155,0.0217951585935503,869160.7295193865
2025-10-03 15:01:09.137170,126908827.56562303,145359790.32736886,144907909.5968906,145133849.96212974,145133849.96212974,1050884.1686602426,100.0,55764037.579383455,24780611.535688438,87164502.46472442,58130493.95763091,29034008.50709351,19483138.746931933,9550869.760161579,55764037.579383455,135236801.1512296,-23708725.992462687,0.021807199372619896,880317.7799656814
2025-10-03 19:01:09.137170,144834963.51310936,172341999.41134533,171182252.39238203,171762125.90186366,171762125.90186366,902478.7551855013,100.0,63670817.067153096,28199106.853999324,100179521.46445207,66548169.246727936,33631352.21772414,22312781.44109211,11318570.776632026,63670817.067153096,155929338.21562916,-28587704.081322953,0.024519653031481802,885814.1792682211
2025-10-03 23:01:09.137170,172100885.59457088,193373279.51661202,191707580.72590676,192540430.1212594,192540430.1212594,915803.1038359473,100.0,72510116.13125551,32031716.99222526,114388892.03572021,75881460.46234478,38507431.57337543,25551711.46755037,12955720.105825063,72510116.13125551,178319278.61090147,-33299046.348390475,0.024207048825537862,895432.3317696617
2025-10-04 03:01:09.137170,194538422.9334854,218311890.53401974,217050320.31056383,217681105.4222918,217681105.4222918,1174224.9406863386,100.0,82509523.94487622,36365683.788037576,130280001.79571661,86385691.37434639,43894310.42137022,29220231.258315783,14674079.16305444,82509523.94487622,203251903.7288143,-38232855.83906184,0.0240929707597812,918129.2545421703
2025-10-04 07:01:09.137170,218988513.29441825,250059600.03128237,248434392.30980748,249246996.17054492,249246996.17054492,918384.9253956897,100.0,93975918.7152957,41329219.350113004,148582616.3229281,98450080.35756166,50132535.96536644,33402692.199727226,16729843.765639212,93975918.7152957,232009621.8459846,-44057784.4153932,0.024134268311851947,918919.7546496016
2025-10-04 11:01:09.137170,247990683.7461609,288423193.6932003,276901178.9509986,282662186.32209945,282662186.32209945,625841.6157948289,100.0,106993260.80613704,46960020.24456955,169210242.48428273,112096038.01559807,57114204.46868466,38144994.65351991,18969209.815164745,106993260.80613704,264327257.52377313,-50340735.91149907,0.02389072546023616,899726.6191598946
2025-10-04 15:01:09.137170,282688217.2187506,316060087.5633776,313845883.1395755,314952985.35147655,314952985.35147655,1335287.4624550566,100.0,121530827.4871557,53234729.657604806,191632202.93241268,127123107.14153919,64509095.7908735,43417814.88099169,21091280.909881808,121530827.4871557,299085809.6814509,-56024154.70713949,0.021335329407209228,916993.373377139
2025-10-04 19:01:09.137170,314607953.52327436,362665921.9785375,360302340.82380944,361484131.4011735,361484131.4011735,1165881.1162366979,100.0,138245515.8685544,60437684.30608784,217763268.85760936,144483855.42038164,73279413.43722773,49390134.59223986,23889278.84498787,138245515.8685544,339733279.31903857,-63242247.58192974,0.021210959030951,931055.1424946571
2025-10-04 23:01:09.137170,361909986.0205902,416119800.465388,398115946.3685781,407117873.416983,407117873.416983,1154173.0387773933,100.0,157070124.01900065,68550074.95197938,246894746.48866156,163938924.83119443,82955821.65746713,56103272.00528618,26852549.652180947,157070124.01900065,384855927.8751024,-70715679.83710113,0.021214064902178774,948539.3468815122
2025-10-05 03:01:09.137170,409446086.9858954,478444249.51226443,464501976.3121249,471473112.91219467,471473112.91219467,1067699.281498883,100.0,178843720.11432004,77947101.95990326,281445264.40653074,186719991.52786782,94725272.87866291,63827672.17996232,30897600.698700592,178843720.11432004,438872071.6972066,-81184631.46856657,0.01992185450952426,968618.3637676701
2025-10-05 07:01:09.137170,472964811.0932322,535607822.7799278,531177591.88556546,533392707.3327466,533392707.3327466,1454138.5715608792,100.0,203490939.82630882,88580001.12782133,320206409.4783262,212400241.53080013,107806167.94752607,72623371.3334758,35182796.61405027,203490939.82630882,499276074.8893436,-92294195.23672602,0.019710753127626258,985619.3056597827
2025-10-05 11:01:09.137170,534054702.5854589,631529518.8036677,629236610.6589681,630383064.7313179,630383064.7313179,908127.8200919512,100.0,232715616.86290592,101149738.4752627,367925894.90834683,243362813.60570526,124563081.30264157,83011313.32730964,41551767.97533193,232715616.86290592,574811037.274911,-109379803.5490992,0.022001859885764048,997301.1210432118
2025-10-05 15:01:09.137170,633000212.9152646,722385544.0902723,710210705.5257467,716298124.8080095,716298124.8080095,828783.2348182265,100.0,265940255.18512622,115433438.62222679,421521622.5913795,278395982.35447466,143125640.23690486,95034178.7092293,48091461.527675554,265940255.18512622,659288916.0299457,-127408405.65969333,0.021864595517754506,997783.4490351671
2025-10-05 19:01:09.137170,714587399.1409173,821917713.2702603,820742123.4348162,821329918.3525382,821329918.3525382,1095795.9651492783,100.0,304138410.93959594,131813388.58053268,483030591.1760027,318614292.5718153,164416298.60418737,108910602.68822148,55505695.915965885,304138410.93959594,756199856.1671146,-147923034.28792274,0.02044442693500723,1003234.0452791043
2025-10-05 23:01:09.137170,825590731.3410623,964541660.6140342,958126445.7327169,961334053.1733755,961334053.1733755,897996.7202290506,100.0,348893041.1209141,150989328.82548195,556615739.1816554,366224239.68639666,190391499.49525875,125206782.04962948,65184717.44562927,348893041.1209141,873239144.8225337,-175453062.58070552,0.02122787469139795,997659.8945773927
2025-10-06 03:01:09.137170,956629458.7234153,1089904239.4255056,1084037316.0593252,1086970777.7424154,1086970777.7424154,911141.3479847776,100.0,399439322.2795366,172672436.95459262,638208822.0428398,419613989.3380498,218594832.70478994,143884392.18066207,74710440.52412787,399439322.2795366,1002095498.7691709,-203216854.21009767,0.02137827949229947,983154.0338844871
2025-10-06 07:01:09.137170,1091084900.2693014,1266705895.349604,1257183249.1634505,1261944572.2565272,1261944572.2565272,815566.9351644749,100.0,458164339.0982772,197849249.45101136,734168168.235216,482010056.2802075,252158111.9550085,165539136.1355318,86618975.8194767,458164339.0982772,1154436448.4642558,-238107770.2677015,0.021722608844973696,985229.449189287
2025-10-06 11:01:09.137170,1270498271.4458492,1506734242.2869563,1480754860.1893113,1493744551.238134,1493744551.238134,1082686.9806447402,100.0,527967772.063254,227654546.94000652,851026073.3184152,556954696.7231233,294071376.59529185,191245584.22748426,102825792.3678076,527967772.063254,1342028368.411245,-286092824.2847371,0.02262418891191368,1014080.2432227969
2025-10-06 15:01:09.137170,1487965334.2382944,1714298678.6974516,1651136335.280746,1682717506.9890988,1682717506.9890988,751069.0593377165,100.0,606417109.6740224,261233126.96223488,978978601.5808423,640345919.7551328,338632681.82570946,220723003.74712965,117909678.07857981,606417109.6740224,1545237005.1180897,-332402785.7700447,0.022618109914247696,1003664.1500501126
2025-10-06 19:01:09.137170,1695304606.7599702,1992613621.7881668,1922966406.9548626,1957790014.3715146,1957790014.3715146,1130873.1312708114,100.0,697998004.3988848,300305780.35262126,1129564972.7847836,737935872.2207237,391629100.56405985,254904223.110516,136724877.45354384,697998004.3988848,1785186609.84809,-389190601.0503204,0.021410013712667188,1009341.9087389242
2025-10-06 23:01:09.137170,1960530613.2762458,2284231292.451805,2281693338.271798,2282962315.3618016,2282962315.3618016,774902.1905403247,100.0,804889427.6688683,345873799.0676094,1307010717.8019931,852383905.3269725,454626812.47502065,294848740.9834173,159778071.49160337,804889427.6688683,2069162725.8653352,-459383870.5275986,0.021820511635158142,995542.8098329284
2025-10-07 03:01:09.137170,2284437350.8057814,2754279818.8397574,2622770504.120953,2688525161.4803553,2688525161.4803553,1021878.9589209786,100.0,930727579.4477928,399546061.5881541,1519551401.4502509,988396162.2802875,531155239.16996336,342110040.6207268,189045198.54923654,930727579.4477928,2412040418.798203,-550585259.9026175,0.021354757783409044,1001512.8200197022
2025-10-07 07:01:09.137170,2694991188.592498,3082801485.2293725,3038376021.893084,3060588753.5612283,3060588753.5612283,1044776.8048558263,100.0,1074129995.6197915,460648476.5780801,1756634071.0109138,1141893783.9552224,614740287.0556915,396636089.90772,218104197.14797145,1074129995.6197915,2791102239.0518446,-642842247.8122616,0.02055051157847426,1007961.5050706962
2025-10-07 11:01:09.137170,3067803607.3187804,3509978018.2222824,3454922260.670397,3482450139.4463396,3482450139.4463396,1376404.8992950069,100.0,1237368447.3209937,530175695.8718006,2022144235.390454,1315270288.8892798,706873946.5011742,458683661.2264111,248190285.2747631,1237368447.3209937,3212824976.7693424,-738088082.1273553,0.020279486377814168,1018070.5030011296
2025-10-07 15:01:09.137170,3510191104.3968616,4149762232.741547,4039581165.019599,4094671698.880573,4094671698.880573,897756.864713763,100.0,1429639682.456495,611933998.9469655,2340994614.393872,1521154029.989278,819840584.4045937,530915045.86204785,288925538.54254586,1429639682.456495,3723107233.462324,-863827868.5493338,0.021123069395225704,1017039.0999670333
2025-10-07 19:01:09.137170,4092096418.171466,4848183284.887373,4753167851.23436,4800675568.060866,4800675568.060866,1011144.982457739,100.0,1655540351.5434337,707798065.9645512,2719407068.8091373,1764083905.930439,955323162.8786983,615796669.2653781,339526493.61332023,1655540351.5434337,4331463094.713462,-1020382391.6265945,0.021302295055586524,1036304.2683001788
2025-10-07 23:01:09.137170,4760050700.072471,5690904182.6740465,5567713344.5936,5629308763.633823,5629308763.633823,1305910.0638921228,100.0,1921258140.4575508,820222329.5846009,3167084252.6332836,2050399427.9072995,1116684824.725984,715974300.3574995,400710524.3684846,1921258140.4575508,5053239657.000615,-1210723376.0855138,0.019752704542764243,1034835.3983720321
2025-10-08 03:01:09.137170,5617293536.893401,6628520405.071147,6607606279.443692,6618063342.25742,6618063342.25742,797579.1249479665,100.0,2234087101.0003633,952404775.3303915,3698004112.5804396,2388747714.6418405,1309256397.938599,834630719.8737197,474625678.0648794,2234087101.0003633,5912303459.883413,-1444129257.882687,0.0201762766184166,1016420.2988075956
2025-10-08 07:01:09.137170,6645302317.588134,7778645901.557245,7525386106.802432,7652016004.179838,7652016004.179838,1014663.5934376807,100.0,2596332007.538506,1105247120.395039,4306313634.369792,2778622439.5803084,1527691194.7894835,973242814.8568728,554448379.9326108,2596332007.538506,6892125999.786224,-1699461984.7092128,0.01887087958133559,1009444.8265406098
2025-10-08 11:01:09.137170,7602466186.727317,9111710810.841825,8879629554.785898,8995670182.813862,8995670182.813862,932843.0601419744,100.0,3022541861.0335894,1284942941.932254,5027753103.366034,3239147775.5511866,1788605327.814847,1136315317.4484677,652290010.3663793,3022541861.0335894,8058395953.404626,-2013312231.3374472,0.01927053736749493,1002702.0154727645
2025-10-08 15:01:09.137170,8983994191.917973,10773109978.689852,10419402385.580563,10596256182.135208,10596256182.135208,699371.4093763788,100.0,3525685034.773712,1496625902.028291,5884445884.720007,3784122363.5922194,2100323521.1277876,1329116958.1843317,771206562.9434559,3525685034.773712,9447302872.582325,-2395932803.0349016,0.01855187228825402,964963.6573635393
2025-10-08 19:01:09.137170,10581806938.075443,12310150170.689692,12249795806.906494,12279972988.798094,12279972988.798094,460622.67141168565,100.0,4108164530.977051,1741952831.0813236,6868373131.505983,4413448476.006652,2454924655.4993315,1554278497.6473317,900646157.8519998,4108164530.977051,11036831699.006313,-2820502637.0522127,0.01791599140645891,942588.399929526
2025-10-08 23:01:09.137170,12265793639.832376,14886704403.873234,14870547743.540428,14878626073.706831,14878626073.706831,1139241.2729626836,100.0,4816280928.421992,2039210263.5786757,8100719738.003436,5188651200.729804,2912068537.273632,1825836505.572592,1086232031.70104,4816280928.421992,13056107752.41745,-3423545895.5734663,0.020376087570501102,958111.3018367492
2025-10-09 03:01:09.137170,14962434772.818611,17955583276.4198,17303655433.26574,17629619354.84277,17629619354.84277,946222.2618890338,100.0,5656695400.246504,2391448791.6925335,9566704294.445303,6110209223.130744,3456495071.314559,2151968218.7209854,1304526852.5935736,5656695400.246504,15461056645.63555,-4147665845.142542,0.020459978772194184,950632.6166737368
2025-10-09 07:01:09.137170,17856456123.81451,20546709264.659054,20096976353.031788,20321842808.84542,20321842808.84542,1011843.6868028976,100.0,6624720838.030106,2797487265.8541994,11221340988.97322,7162927926.36111,4058413062.612111,2533257187.4992104,1525155875.1129007,6624720838.030106,18149292186.746277,-4899850510.686068,0.020634596521275046,956324.9650024291
2025-10-09 11:01:09.137170,20319391477.705425,24202310303.774357,24195568821.911266,24198939562.84281,24198939562.84281,1039616.952153571,100.0,7780319277.285126,3281019750.2209496,13217894615.727312,8424860379.709345,4793034236.017967,2985212597.202962,1807821638.8150053,7780319277.285126,21409646176.26528,-5849007621.695032,0.019734022348365004,962748.7452108689
2025-10-09 15:01:09.137170,24129529501.672844,28093779547.149162,28012783881.067825,28053281714.108494,28053281714.108494,890628.2117519216,100.0,9119886134.377724,3841601351.4684978,15500261861.63687,9878823559.650877,5621438301.985992,3512457738.1595683,2108980563.8264241,9119886134.377724,25113096078.757442,-6873323810.001995,0.019769367567828093,966501.8090402412
2025-10-09 19:01:09.137170,27977057473.133293,33552329987.263466,33530358213.12904,33541344100.196255,33541344100.196255,857430.8434645671,100.0,10722266111.82563,4511884426.196959,18275812975.26629,11631609605.481503,6644203369.784786,4138806864.484613,2505396505.3001733,10722266111.82563,29650747978.44753,-8206215754.796268,0.020440336541557375,955239.0021812326
2025-10-09 23:01:09.137170,33498582707.26014,40432718707.4558,40346744940.367134,40389731823.91147,40389731823.91147,1300798.5977165378,100.0,12657616827.67175,5319066548.467027,21677954336.601395,13761848472.92007,7916105863.681324,4894266664.323956,3021839199.3573685,12657616827.67175,35254303624.23077,-9939069968.887268,0.019394144527201396,982725.4791001737
2025-10-10 03:01:09.137170,40610160169.07702,48330832088.85081,45834536595.07789,47082684341.96435,47082684341.96435,1249217.0384995257,100.0,14913861544.051392,6260000211.486197,25586374337.431404,16230066682.22927,9356307655.202133,5786674862.499592,3569632792.7025414,14913861544.051392,41645214641.466064,-11817491553.363285,0.01934636893970703,988642.6744616093
2025-10-10 07:01:09.137170,47002011082.86439,57791190041.132866,55443395210.81117,56617292625.972015,56617292625.972015,925711.8268008417,100.0,17630578059.5819,7391537097.743779,30360361766.44276,19221722189.394936,11138639577.047825,6857067805.40924,4281571771.638585,17630578059.5819,49506027971.46206,-14244871852.298256,0.02039715544792762,996183.1562746351
2025-10-10 11:01:09.137170,56397103250.91853,68472915776.42205,66572140811.80447,67522528294.11326,67522528294.11326,777884.8309068342,100.0,20872278216.213547,8741069873.146055,36077618155.32032,22799569800.915234,13278048354.405087,8141263915.20841,5136784439.196676,20872278216.213547,58935880982.71307,-17191324550.28598,0.02079643004855349,983983.4498739277
2025-10-10 15:01:09.137170,67838425147.990715,82578491217.22864,79734331597.16545,81156411407.19704,81156411407.19704,1254311.0189988317,100.0,24777069348.895336,10363161994.122725,43012817117.15282,27122310132.58252,15890506984.570297,9691112529.08079,6199394455.489508,24777069348.895336,70416277726.21461,-20862139028.42394,0.019723884407722,994460.1605810781
2025-10-10 19:01:09.137170,80698262456.97238,100095486703.94582,98661115828.03108,99378301265.98845,99378301265.98845,895095.9467440452,100.0,29571861905.222443,12349580683.377232,51684430063.13315,32474618754.351772,19209811308.781376,11594852285.020908,7614959023.760468,29571861905.222443,84910122495.16725,-25766398684.722366,0.019902353868859825,970394.71295353
2025-10-10 23:01:09.137170,98771036338.10042,118120061629.59816,116969592665.39978,117544827147.49896,117544827147.49896,1142599.6860344775,100.0,35244369677.65336,14699152397.33627,61816798845.34883,38776129824.76044,23040669020.588394,13884015632.134407,9156653388.453987,35244369677.65336,101723718522.50089,-31234979167.194168,0.019838429512383755,982636.8540195659
2025-10-11 03:01:09.137170,117324535912.32544,138300060125.17862,137636913494.66125,137968486809.91995,137968486809.91995,1142191.9936406983,100.0,41902760239.74632,17457001230.44327,73532443147.59598,46123727103.08265,27408716044.51333,16588955714.610193,10819760329.903135,41902760239.74632,121018113185.18156,-37212592705.68892,0.019803514877535032,989189.2045787137
2025-10-11 07:01:09.137170,137719477031.48175,162438756296.31927,161001828443.86273,161720292370.091,161720292370.091,1231865.9606728496,100.0,49707309420.06917,20689658193.127457,87099804566.4467,54686452128.68979,32413352437.756912,19753835059.23954,12659517378.517372,49707309420.06917,143238777309.23914,-43824158469.100815,0.019816293321173312,985486.9994177502
2025-10-11 11:01:09.137170,162218338802.27188,192033950450.1275,187926339100.35486,189980144775.24118,189980144775.24118,1118620.2515936769,100.0,58875413491.71836,24487307570.793507,102927549213.9588,64708225006.83241,38219324207.12639,23446932888.816914,14772391318.309475,58875413491.71836,169083203952.61057,-51332376969.173836,0.01983478886430224,1001539.0557500354
2025-10-11 15:01:09.137170,190289938769.1489,226897525435.28995,225497153814.0277,226197339624.6588,226197339624.6588,749777.2847229394,100.0,69802679672.74231,29008979748.19121,121892132354.07182,76670401392.16158,45221730961.91025,27801892503.43558,17419838458.474667,69802679672.74231,200127806476.23322,-60522447130.74861,0.01886631462149555,988294.7403142985
2025-10-11 19:01:09.137170,225988217767.8872,273972152621.7575,268955355749.69846,271463754185.72797,271463754185.72797,895455.395896192,100.0,82926083872.88803,34435731389.508286,144903151097.40903,91099560691.15541,53803590406.25362,33002232083.999195,20801358322.25442,82926083872.88803,237982783537.88773,-72130615792.11166,0.019043364970987037,986425.3571020095
2025-10-11 23:01:09.137170,270507735273.36914,329159243701.3713,322325112697.85925,325742178199.6153,325742178199.6153,718307.7407272881,100.0,98683379973.76202,40947672276.50135,172724539882.36942,108480519920.35947,64244019962.00995,39250589659.60135,24993430302.4086,98683379973.76202,283908397955.0834,-86541638007.55933,0.019195944644718344,987372.173669555
2025-10-12 03:01:09.137170,326729193207.4252,400969694054.6956,388677810628.789,394823752341.7423,394823752341.7423,743914.1295007434,100.0,117810568941.40923,48840712080.81815,206893649491.50952,129691157524.7399,77202491966.76962,46840970121.03501,30361521845.73461,117810568941.40923,340653937989.2978,-105032800106.47932,0.018781093536401443,1001536.7465740079
2025-10-12 07:01:09.137170,390713776437.08594,480860331566.41644,464275149139.1257,472567740352.77106,472567740352.77106,1339291.2736580076,100.0,140695024655.36243,58288216079.27115,247766586547.0941,155089453737.08328,92677132810.0108,56008202658.83017,36668930151.18063,140695024655.36243,408498858360.757,-127108809050.03217,0.018152240773847545,1011539.246608774
2025-10-12 11:01:09.137170,472339222869.0757,580986538902.1523,578539735925.4622,579763137413.8073,579763137413.8073,891016.18263821,100.0,168801700558.31064,69879125205.43884,298842978988.1331,186546798981.26382,112296180006.8693,67265798128.43801,45030381878.43128,168801700558.31064,494054882088.2561,-156451480971.63486,0.019995000870037534,1008778.9426462328
2025-10-12 15:01:09.137170,579654041348.0399,694761238130.6461,689237200539.8434,691999219335.2448,691999219335.2448,1220660.3764033043,100.0,202385569384.63065,83714124652.22034,359328554426.1565,223987757956.34293,135340796469.81357,80880797796.71313,54459998673.10043,202385569384.63065,594849474005.3285,-190078335236.06723,0.017850175482040626,1019219.7771262532
2025-10-12 19:01:09.137170,692519262843.2263,869037710717.2406,867054613276.94,868046161997.0902,868046161997.0902,927277.5575572288,100.0,244577930506.34302,101069394648.4357,437592801744.76855,271695833838.5035,165896967906.26505,97884031818.62352,68012936087.641525,244577930506.34302,727416520908.5415,-238260659895.85547,0.022492741065544213,1013602.8073964361
